Restaurant Name,Rating_x,Price for Two_x,Rating_y,Price for Two_y
Akasa Poolbar & Kitchen,4.1,"Continental, North Indian, Bar Food, Asian, Italian

₹2,000 for two",4.1,"Continental, North Indian, Bar Food, Asian, Italian

₹2,000 for two"
Favela,4.2,"Continental, North Indian, Chinese, Pizza, Fast Food, Biryani, Desserts, Bar Food

₹1,500 for two",4.2,"Continental, North Indian, Chinese, Pizza, Fast Food, Biryani, Desserts, Bar Food

₹1,500 for two"
Tettoricca,4.4,"North Indian, Continental

₹1,200 for two",4.4,"North Indian, Continental

₹1,200 for two"
HYDE - Kitchen & Bar,4.1,"North Indian, Chinese, Mughlai, Pasta, Fast Food, Continental, Sichuan, Desserts

₹1,800 for two",4.1,"North Indian, Chinese, Mughlai, Pasta, Fast Food, Continental, Sichuan, Desserts

₹1,800 for two"
Intactu,4.2,"North Indian, Biryani, Mughlai, Pizza, Pasta, Italian, Fast Food, Desserts

₹1,500 for two",4.2,"North Indian, Biryani, Mughlai, Pizza, Pasta, Italian, Fast Food, Desserts

₹1,500 for two"
The 3 Musketeers Cafe & Bar,4.4,"Continental, Chinese, North Indian, Mughlai, Biryani, Italian, Fast Food, Desserts

₹1,200 for two",4.4,"Continental, Chinese, North Indian, Mughlai, Biryani, Italian, Fast Food, Desserts

₹1,200 for two"
I Amsterdam,4.4,"Asian, North Indian, European

₹1,700 for two",4.4,"Asian, North Indian, European

₹1,700 for two"
Xia By Hilton Garden Inn,4.3,"Chinese, Asian, Japanese, Desserts

₹2,500 for two",4.3,"Chinese, Asian, Japanese, Desserts

₹2,500 for two"
Bao Story,4.2,"Asian

₹1,200 for two",4.2,"Asian

₹1,200 for two"
Agent Jack's,4.2,"Bar Food, North Indian, Pasta, Continental, Thai, Oriental, Chinese, Pizza

₹1,800 for two",4.2,"Bar Food, North Indian, Pasta, Continental, Thai, Oriental, Chinese, Pizza

₹1,800 for two"
Momentt- Enrise By Sayaji,4.5,"North Indian, Chinese, Mughlai, Salad, Desserts, Beverages

₹1,400 for two",4.5,"North Indian, Chinese, Mughlai, Salad, Desserts, Beverages

₹1,400 for two"
C - Dock,4.2,"Bar Food

₹1,500 for two",4.2,"Bar Food

₹1,500 for two"
Teera,4.1,"North Indian, Continental, Mughlai, Chinese, Fast Food, Desserts, Beverages, Shake

₹1,800 for two",4.1,"North Indian, Continental, Mughlai, Chinese, Fast Food, Desserts, Beverages, Shake

₹1,800 for two"
YOLO Gastro Lounge,4.2,"Finger Food, North Indian, Continental, Desserts, Bar Food, Beverages

₹1,900 for two",4.2,"Finger Food, North Indian, Continental, Desserts, Bar Food, Beverages

₹1,900 for two"
Makaira Kitchen & Bar,4.3,"Chinese, Kebab, Italian, Continental, Biryani, Maharashtrian, North Indian

₹1,500 for two",4.3,"Chinese, Kebab, Italian, Continental, Biryani, Maharashtrian, North Indian

₹1,500 for two"
Terrace By Bailamos,4.2,"Asian

₹3,000 for two",4.2,"Asian

₹3,000 for two"
Aloraa Garden Kitchen & Bar,4.5,"Maharashtrian, Continental, Chinese, Kebab, Biryani, Fast Food, Desserts, Bar Food

₹1,500 for two",4.5,"Maharashtrian, Continental, Chinese, Kebab, Biryani, Fast Food, Desserts, Bar Food

₹1,500 for two"
The Barkhana,4.6,"Bar Food, Mughlai, Chinese, North Indian, Fast Food, Desserts, Beverages, Sichuan

₹2,000 for two",4.6,"Bar Food, Mughlai, Chinese, North Indian, Fast Food, Desserts, Beverages, Sichuan

₹2,000 for two"
Cherie,4.6,"Asian, Modern Indian, Chinese, Italian, Salad, Continental, Desserts

₹1,900 for two",4.6,"Asian, Modern Indian, Chinese, Italian, Salad, Continental, Desserts

₹1,900 for two"
Cafe Peter,4.2,"Cafe, Coffee, Continental, Korean, Fast Food, Italian, Desserts, Beverages

₹1,100 for two",4.2,"Cafe, Coffee, Continental, Korean, Fast Food, Italian, Desserts, Beverages

₹1,100 for two"
Elephant & Co.,4.5,"Continental, Salad, Asian, Italian, Desserts, Beverages

₹2,000 for two",4.5,"Continental, Salad, Asian, Italian, Desserts, Beverages

₹2,000 for two"
Downtown Club,4.5,"Italian, American, Asian, Chinese, Mexican, Modern Indian, North Indian, Beverages

₹4,000 for two",4.5,"Italian, American, Asian, Chinese, Mexican, Modern Indian, North Indian, Beverages

₹4,000 for two"
Saundarya Garden,3.7,"Chinese, Rolls, Oriental, Seafood, North Indian, Mughlai, Desserts, Beverages

₹1,400 for two",3.7,"Chinese, Rolls, Oriental, Seafood, North Indian, Mughlai, Desserts, Beverages

₹1,400 for two"
Caffe Allora,4.3,"Pizza, Pasta, Italian

₹2,000 for two",4.3,"Pizza, Pasta, Italian

₹2,000 for two"
The Boho House Cocktail Bar,4.0,"North Indian, Fast Food

₹1,400 for two",4.0,"North Indian, Fast Food

₹1,400 for two"
Yakii,4.4,"Asian, Thai, Sushi, Desserts, Beverages

₹1,500 for two",4.4,"Asian, Thai, Sushi, Desserts, Beverages

₹1,500 for two"
Gong,4.7,"Chinese, Sushi, Asian, Japanese, Thai, Salad, Desserts, Beverages

₹2,000 for two",4.7,"Chinese, Sushi, Asian, Japanese, Thai, Salad, Desserts, Beverages

₹2,000 for two"
Torre - Gourmet Dining & Bar,4.5,"Fast Food, Bar Food, Finger Food

₹1,200 for two",4.5,"Fast Food, Bar Food, Finger Food

₹1,200 for two"
Rio Kitchen & Bar,4.1,"Chinese, Continental, Pasta, North Indian, Salad, BBQ, Fast Food, Beverages

₹1,400 for two",4.1,"Chinese, Continental, Pasta, North Indian, Salad, BBQ, Fast Food, Beverages

₹1,400 for two"
Le Parc,4.2,"North Indian, Continental, Italian, Oriental, Chinese, Salad, Kebab, Desserts

₹1,200 for two",4.2,"North Indian, Continental, Italian, Oriental, Chinese, Salad, Kebab, Desserts

₹1,200 for two"
Spice Factory,4.1,"North Indian, Mughlai, Chinese, Biryani, Pizza, Pasta, Beverages

₹1,800 for two",4.1,"North Indian, Mughlai, Chinese, Biryani, Pizza, Pasta, Beverages

₹1,800 for two"
Hoomans- All Day Bar,4.5,"Oriental, Chinese, Continental, Pasta, Seafood, North Indian, Desserts, Beverages

₹1,200 for two",4.5,"Oriental, Chinese, Continental, Pasta, Seafood, North Indian, Desserts, Beverages

₹1,200 for two"
Ishaara,4.5,"Biryani, North Indian, Kebab, Mughlai, Desserts

₹1,400 for two",4.5,"Biryani, North Indian, Kebab, Mughlai, Desserts

₹1,400 for two"
Swig,4.3,"Bar Food, Asian, Sushi, Pizza, Italian, Continental, Fast Food, Beverages

₹1,800 for two",4.3,"Bar Food, Asian, Sushi, Pizza, Italian, Continental, Fast Food, Beverages

₹1,800 for two"
Copper Chimney,4.4,"North Indian, Kebab, Biryani, Mughlai, Desserts, Beverages

₹1,600 for two",4.4,"North Indian, Kebab, Biryani, Mughlai, Desserts, Beverages

₹1,600 for two"
You Mee,4.5,"Asian, Japanese, Sushi, Desserts, Beverages

₹2,000 for two",4.5,"Asian, Japanese, Sushi, Desserts, Beverages

₹2,000 for two"
Ava Artisan Kitchen & Bar,4.5,"North Indian, Chinese, Continental, Sushi, Asian, Italian

₹1,200 for two",4.5,"North Indian, Chinese, Continental, Sushi, Asian, Italian

₹1,200 for two"
Flavours Of Andhra,4.0,"North Indian, Biryani, Andhra, Seafood, Mughlai, Desserts

₹1,000 for two",4.0,"North Indian, Biryani, Andhra, Seafood, Mughlai, Desserts

₹1,000 for two"
Circuit House,4.4,"North Indian, Italian, Continental, Chinese, Mughlai, Desserts, Beverages

₹2,000 for two",4.4,"North Indian, Italian, Continental, Chinese, Mughlai, Desserts, Beverages

₹2,000 for two"
BOB And Brews,4.1,"Finger Food, North Indian, Seafood, Chinese

₹1,200 for two",4.1,"Finger Food, North Indian, Seafood, Chinese

₹1,200 for two"
Nieesh,4.3,"North Indian, Mexican, Italian, Oriental, Mughlai, Seafood, Chinese, Desserts

₹1,400 for two",4.3,"North Indian, Mexican, Italian, Oriental, Mughlai, Seafood, Chinese, Desserts

₹1,400 for two"
Pind Punjab,3.9,"North Indian, Mughlai, Kebab, Biryani, Chinese, Desserts, Beverages

₹1,400 for two",3.9,"North Indian, Mughlai, Kebab, Biryani, Chinese, Desserts, Beverages

₹1,400 for two"
Copa Cabana,4.3,"North Indian, Continental, Asian, Italian, Salad, Biryani, Sandwich, Desserts

₹1,900 for two",4.3,"North Indian, Continental, Asian, Italian, Salad, Biryani, Sandwich, Desserts

₹1,900 for two"
The Gazebo World Of Veg,3.9,"North Indian, Continental, Mexican, Thai, Oriental, Italian, Desserts, Beverages

₹800 for two",3.9,"North Indian, Continental, Mexican, Thai, Oriental, Italian, Desserts, Beverages

₹800 for two"
Sante Spa Cuisine,4.5,"Cafe, Healthy Food, Mediterranean, Continental, Desserts

₹1,200 for two",4.5,"Cafe, Healthy Food, Mediterranean, Continental, Desserts

₹1,200 for two"
Skylo 9,New,"North Indian, Continental, Italian, Chettinad, Bar Food, Seafood, Desserts, Beverages

₹1,300 for two",New,"North Indian, Continental, Italian, Chettinad, Bar Food, Seafood, Desserts, Beverages

₹1,300 for two"
Independence Brewing Company,4.5,"American, Continental, Pizza, Fast Food, Salad, Beverages

₹2,500 for two",4.5,"American, Continental, Pizza, Fast Food, Salad, Beverages

₹2,500 for two"
1BHK Superbar,4.4,"North Indian, Asian, Italian, European, Continental, Mediterranean, American, Seafood

₹1,800 for two",4.4,"North Indian, Asian, Italian, European, Continental, Mediterranean, American, Seafood

₹1,800 for two"
Nawab Asia,4.4,"North Indian, Chinese, Mughlai, Biryani, Seafood, Desserts, Beverages

₹1,600 for two",4.4,"North Indian, Chinese, Mughlai, Biryani, Seafood, Desserts, Beverages

₹1,600 for two"
Rustic Sands,4.4,"Chinese, North Indian, Biryani, Mughlai, Seafood, Beverages, Desserts

₹1,200 for two",4.4,"Chinese, North Indian, Biryani, Mughlai, Seafood, Beverages, Desserts

₹1,200 for two"
Thikana,4.2,"North Indian, Italian, Pasta, Continental, Pizza, Biryani, Beverages

₹1,800 for two",4.2,"North Indian, Italian, Pasta, Continental, Pizza, Biryani, Beverages

₹1,800 for two"
Club C Dock,3.9,"Continental, North Indian, Bar Food

₹3,000 for two",3.9,"Continental, North Indian, Bar Food

₹3,000 for two"
FML - Food Music Love,4.2,"Chinese, Continental, North Indian, Oriental, Italian, Desserts

₹1,900 for two",4.2,"Chinese, Continental, North Indian, Oriental, Italian, Desserts

₹1,900 for two"
Filament Bar,4.5,"Turkish, Middle Eastern, North Indian, Continental, Asian

₹1,800 for two",4.5,"Turkish, Middle Eastern, North Indian, Continental, Asian

₹1,800 for two"
Publiq,4.0,"Asian, North Indian, Italian, Chinese, Biryani, Kebab, Salad, Beverages

₹2,000 for two",4.0,"Asian, North Indian, Italian, Chinese, Biryani, Kebab, Salad, Beverages

₹2,000 for two"
Opel Kitchen Bar,4.2,"North Indian, Bar Food, Continental, Italian, Beverages

₹1,800 for two",4.2,"North Indian, Bar Food, Continental, Italian, Beverages

₹1,800 for two"
Sreca Rooftop Lounge,4.2,"North Indian, Continental, Asian, Bar Food, Seafood

₹1,700 for two",4.2,"North Indian, Continental, Asian, Bar Food, Seafood

₹1,700 for two"
Effingut Bistro,4.4,"Asian, Continental, Finger Food, Beverages, Desserts

₹1,800 for two",4.4,"Asian, Continental, Finger Food, Beverages, Desserts

₹1,800 for two"
Ice N Fire Sky Lounge,4.2,"Bar Food, Continental, North Indian, Pizza, Burger, Pasta, Chinese, Desserts

₹1,800 for two",4.2,"Bar Food, Continental, North Indian, Pizza, Burger, Pasta, Chinese, Desserts

₹1,800 for two"
I'M Lion,4.4,"Seafood, Maharashtrian

₹2,000 for two",4.4,"Seafood, Maharashtrian

₹2,000 for two"
Merchant & Me,4.7,"North Indian, Alcoholic Beverages, Kebab, Pizza, Finger Food, Desserts, Beverages

₹2,500 for two",4.7,"North Indian, Alcoholic Beverages, Kebab, Pizza, Finger Food, Desserts, Beverages

₹2,500 for two"
Spice Tawa Family Restaurant,4.1,"North Indian, Goan, Chinese, Pasta, Seafood, Biryani, Fast Food, Desserts

₹1,800 for two",4.1,"North Indian, Goan, Chinese, Pasta, Seafood, Biryani, Fast Food, Desserts

₹1,800 for two"
Mood Drums Kitchen & Bar,4.3,"North Indian, Italian, Alcoholic Beverages, Bar Food, Chinese, Fast Food, Salad

₹1,000 for two",4.3,"North Indian, Italian, Alcoholic Beverages, Bar Food, Chinese, Fast Food, Salad

₹1,000 for two"
Azzurro,4.1,"Fast Food, Chinese, North Indian, Biryani, Continental, Asian, Desserts, Beverages

₹1,200 for two",4.1,"Fast Food, Chinese, North Indian, Biryani, Continental, Asian, Desserts, Beverages

₹1,200 for two"
Santorini by Hilton Garden Inn,4.1,"Mediterranean, Continental, Salad, Pasta, Sandwich, Pizza, Desserts

₹3,500 for two",4.1,"Mediterranean, Continental, Salad, Pasta, Sandwich, Pizza, Desserts

₹3,500 for two"
Tales & Spirits - Hunters Bistro,4.3,"Italian, Continental, North Indian, Biryani, Pizza, Fast Food, Desserts, Beverages

₹1,450 for two",4.3,"Italian, Continental, North Indian, Biryani, Pizza, Fast Food, Desserts, Beverages

₹1,450 for two"
PizzaExpress,4.3,"Pizza, Italian, Salad, Bakery, Beverages, Coffee, Pasta, Cafe

₹1,400 for two",4.3,"Pizza, Italian, Salad, Bakery, Beverages, Coffee, Pasta, Cafe

₹1,400 for two"
PizzaExpress,4.3,"Pizza, Italian, Salad, Bakery, Beverages, Coffee, Pasta, Cafe

₹1,400 for two",4.2,"Pizza, Italian, Salad, Bakery, Beverages, Coffee, Pasta, Cafe

₹1,400 for two"
Copa Villa,4.4,"North Indian, Asian, Continental, Salad, Seafood, Pasta, Pizza, Oriental

₹1,400 for two",4.4,"North Indian, Asian, Continental, Salad, Seafood, Pasta, Pizza, Oriental

₹1,400 for two"
Eight,4.5,"Chinese, Sushi, Asian, Japanese, Desserts

₹2,000 for two",4.5,"Chinese, Sushi, Asian, Japanese, Desserts

₹2,000 for two"
Circle Of Crust,4.1,"Pizza, Fast Food, Cafe, Desserts, Shake

₹500 for two",4.1,"Pizza, Fast Food, Cafe, Desserts, Shake

₹500 for two"
24K Kraft Brewzz,4.2,"North Indian, Chinese, Mughlai, Pizza, Italian, Seafood, Beverages, Desserts

₹2,500 for two",4.2,"North Indian, Chinese, Mughlai, Pizza, Italian, Seafood, Beverages, Desserts

₹2,500 for two"
The Paraiso,New,"Continental, Chinese, North Indian, Fast Food, Alcoholic Beverages, BBQ, Desserts, Beverages

₹1,500 for two",New,"Continental, Chinese, North Indian, Fast Food, Alcoholic Beverages, BBQ, Desserts, Beverages

₹1,500 for two"
Tim Hortons,4.0,"Coffee, Cafe, Beverages, Desserts, Sandwich, Fast Food

₹600 for two",4.0,"Coffee, Cafe, Beverages, Desserts, Sandwich, Fast Food

₹600 for two"
Mekong Folks,4.6,"Asian, Cantonese, Sushi, Japanese, Chinese, Salad, Seafood, Beverages

₹2,000 for two",4.6,"Asian, Cantonese, Sushi, Japanese, Chinese, Salad, Seafood, Beverages

₹2,000 for two"
Poise,4.4,"Asian, Chinese

₹1,200 for two",4.4,"Asian, Chinese

₹1,200 for two"
Tony Dhaba NXT,3.6,"North Indian, Mughlai, Biryani, Chinese, Seafood, Kebab

₹1,200 for two",3.6,"North Indian, Mughlai, Biryani, Chinese, Seafood, Kebab

₹1,200 for two"
Cafe Blu by Radisson Blu Hinjewadi,4.2,"North Indian, South Indian, Biryani, Goan, Maharashtrian, Pizza, Desserts

₹2,900 for two",4.2,"North Indian, South Indian, Biryani, Goan, Maharashtrian, Pizza, Desserts

₹2,900 for two"
Ruhmani By Hilton Garden Inn,4.2,"North Indian, Chinese, Biryani, Desserts, Beverages

₹3,000 for two",4.2,"North Indian, Chinese, Biryani, Desserts, Beverages

₹3,000 for two"
Good Flippin' Burgers,4.3,"Burger, American, Fast Food, Wraps

₹650 for two",4.3,"Burger, American, Fast Food, Wraps

₹650 for two"
Masala Mehfil,4.5,"Maharashtrian, North Indian, Seafood, Biryani, Beverages, Alcoholic Beverages

₹1,200 for two",4.5,"Maharashtrian, North Indian, Seafood, Biryani, Beverages, Alcoholic Beverages

₹1,200 for two"
The Kuti Project,3.8,"Cafe, Coffee, Pizza, Sandwich, Fast Food, Desserts, Shake, Beverages

₹1,100 for two",3.8,"Cafe, Coffee, Pizza, Sandwich, Fast Food, Desserts, Shake, Beverages

₹1,100 for two"
Tetto Manhattan,4.2,"Bar Food, Beverages

₹1,000 for two",4.2,"Bar Food, Beverages

₹1,000 for two"
Tatva The Vegetarian Kitchen,3.9,"North Indian, Chinese, South Indian, Biryani, Street Food, Fast Food, Oriental, Beverages

₹1,000 for two",3.9,"North Indian, Chinese, South Indian, Biryani, Street Food, Fast Food, Oriental, Beverages

₹1,000 for two"
Soy Affair,4.5,"Asian, Chinese, Sushi, Seafood

₹1,000 for two",4.5,"Asian, Chinese, Sushi, Seafood

₹1,000 for two"
Sahara - A Magical dining destination,New,"North Indian

₹1,800 for two",New,"North Indian

₹1,800 for two"
Apna Adda,3.6,"Sandwich, Chinese, North Indian, Maharashtrian, Seafood, Street Food, Biryani

₹1,300 for two",3.6,"Sandwich, Chinese, North Indian, Maharashtrian, Seafood, Street Food, Biryani

₹1,300 for two"
Hidden Place - The Hang-out,4.4,"Fast Food, Pizza, Continental, Bar Food, Beverages

₹1,200 for two",4.4,"Fast Food, Pizza, Continental, Bar Food, Beverages

₹1,200 for two"
The Bierhaus,New,"Pizza, Salad, Sushi

₹1,800 for two",New,"Pizza, Salad, Sushi

₹1,800 for two"
Flo - The Brewing Club,4.2,"Bar Food, Chinese, Pizza, Biryani

₹3,000 for two",4.2,"Bar Food, Chinese, Pizza, Biryani

₹3,000 for two"
Golden Palms,New,"North Indian, Chinese, Seafood

₹1,500 for two",New,"North Indian, Chinese, Seafood

₹1,500 for two"
Toscano,4.8,"Italian, Pizza, Pasta, Continental, Seafood, Steak, Beverages

₹1,800 for two",4.8,"Italian, Pizza, Pasta, Continental, Seafood, Steak, Beverages

₹1,800 for two"
The Green Spoon,New,"North Indian, Chinese, Pizza

₹1,000 for two",New,"North Indian, Chinese, Pizza

₹1,000 for two"
Uncle's Chinese,4.5,"Chinese, Oriental, Seafood, Cantonese, Sichuan, Asian, Thai, Singaporean

₹1,500 for two",4.5,"Chinese, Oriental, Seafood, Cantonese, Sichuan, Asian, Thai, Singaporean

₹1,500 for two"
Falahaar,3.6,"Maharashtrian

₹200 for two",3.6,"Maharashtrian

₹200 for two"
Qala Cafe & Co - Works,4.3,"Cafe, Coffee, Italian, Continental, Pizza, Fast Food, Salad, Beverages

₹1,000 for two",4.3,"Cafe, Coffee, Italian, Continental, Pizza, Fast Food, Salad, Beverages

₹1,000 for two"
Outdo Restro,New,"Pizza, Burger, Beverages

₹800 for two",New,"Pizza, Burger, Beverages

₹800 for two"
The Rustle Nest,4.4,"Continental, North Indian, European, Biryani, Pasta, Sandwich, Desserts, Beverages

₹950 for two",4.4,"Continental, North Indian, European, Biryani, Pasta, Sandwich, Desserts, Beverages

₹950 for two"
The Secret Garden,4.1,"Italian, Korean

₹1,000 for two",4.1,"Italian, Korean

₹1,000 for two"
The Wise Guys,4.4,"North Indian, Chinese, Pasta, Fast Food, Bar Food, Desserts, Shake, Beverages

₹1,700 for two",4.4,"North Indian, Chinese, Pasta, Fast Food, Bar Food, Desserts, Shake, Beverages

₹1,700 for two"
Asia Kitchen By Mainland China,4.5,"Asian, Chinese, Sushi, Thai, Japanese, Beverages

₹1,500 for two",4.5,"Asian, Chinese, Sushi, Thai, Japanese, Beverages

₹1,500 for two"
The Soundtrack Cafe,4.3,"Cafe, Coffee, Beverages, Continental, Italian, Fast Food

₹1,000 for two",4.3,"Cafe, Coffee, Beverages, Continental, Italian, Fast Food

₹1,000 for two"
Incognito - Restaurant Bar & Cafe,4.4,"Continental, Asian, Italian, Thai, North Indian, Biryani, Desserts, Beverages

₹2,500 for two",4.4,"Continental, Asian, Italian, Thai, North Indian, Biryani, Desserts, Beverages

₹2,500 for two"
Intactu Lounge,3.7,"North Indian, Continental, European

₹1,000 for two",3.7,"North Indian, Continental, European

₹1,000 for two"
Pop Tate's,4.5,"North Indian, Chinese, Italian, Biryani, Pizza, Pasta, Fast Food, Beverages

₹1,400 for two",4.5,"North Indian, Chinese, Italian, Biryani, Pizza, Pasta, Fast Food, Beverages

₹1,400 for two"
Rangla Punjab,4.3,"North Indian, Kebab, Mughlai, Biryani, Chinese, Desserts

₹950 for two",4.3,"North Indian, Kebab, Mughlai, Biryani, Chinese, Desserts

₹950 for two"
Dragonfly - Radisson Blu,4.5,"Asian, Japanese, Indonesian, Korean, Malaysian, Singaporean, Thai

₹3,500 for two",4.5,"Asian, Japanese, Indonesian, Korean, Malaysian, Singaporean, Thai

₹3,500 for two"
Butter - Bar & Kitchen,4.3,"Asian, Italian, Chinese, Sushi, Japanese, Beverages

₹1,800 for two",4.3,"Asian, Italian, Chinese, Sushi, Japanese, Beverages

₹1,800 for two"
Springrose Restaurant And Banquets,4.6,"South Indian, Continental, Oriental, North Indian

₹1,200 for two",4.6,"South Indian, Continental, Oriental, North Indian

₹1,200 for two"
The Curry Club,3.9,"North Indian, Maharashtrian, South Indian

₹1,200 for two",3.9,"North Indian, Maharashtrian, South Indian

₹1,200 for two"
PizzaExpress,4.2,"Pizza, Italian, Salad, Bakery, Beverages, Coffee, Pasta, Cafe

₹1,400 for two",4.3,"Pizza, Italian, Salad, Bakery, Beverages, Coffee, Pasta, Cafe

₹1,400 for two"
PizzaExpress,4.2,"Pizza, Italian, Salad, Bakery, Beverages, Coffee, Pasta, Cafe

₹1,400 for two",4.2,"Pizza, Italian, Salad, Bakery, Beverages, Coffee, Pasta, Cafe

₹1,400 for two"
Ora Skybar & Kitchen,4.2,"North Indian, BBQ, Chinese, Continental, Asian, Pizza, Beverages

₹1,800 for two",4.2,"North Indian, BBQ, Chinese, Continental, Asian, Pizza, Beverages

₹1,800 for two"
De Lush Leaf,3.9,"Pizza, Panini, Salad, Healthy Food, Chinese, Wraps, Coffee, Beverages

₹750 for two",3.9,"Pizza, Panini, Salad, Healthy Food, Chinese, Wraps, Coffee, Beverages

₹750 for two"
Tatini,New,"Bar Food, Continental, Asian, Seafood, Mughlai, Chinese, Desserts, Beverages

₹1,200 for two",New,"Bar Food, Continental, Asian, Seafood, Mughlai, Chinese, Desserts, Beverages

₹1,200 for two"
Global Punjab,4.0,"North Indian, Mughlai, Kebab, Seafood, Biryani, Chinese, Desserts, Beverages

₹1,100 for two",4.0,"North Indian, Mughlai, Kebab, Seafood, Biryani, Chinese, Desserts, Beverages

₹1,100 for two"
Shree Krishna Veg Court,4.0,"North Indian, South Indian, Maharashtrian, Chinese, Desserts, Beverages

₹1,200 for two",4.0,"North Indian, South Indian, Maharashtrian, Chinese, Desserts, Beverages

₹1,200 for two"
Buon Cibo- The Italian Cafe,4.6,"Mexican, Italian, Continental, Pizza, Pasta

₹850 for two",4.6,"Mexican, Italian, Continental, Pizza, Pasta

₹850 for two"
Midori Coffee And Eatery,4.1,"Cafe, Coffee

₹1,000 for two",4.1,"Cafe, Coffee

₹1,000 for two"
The Urban Foundry,4.5,"Bar Food, North Indian, Pizza, Fast Food, Desserts, Beverages

₹2,500 for two",4.5,"Bar Food, North Indian, Pizza, Fast Food, Desserts, Beverages

₹2,500 for two"
Namah - Hotel Ambience Excellency,4.0,"North Indian, Chinese, Continental, South Indian, Shake, Beverages

₹1,400 for two",4.0,"North Indian, Chinese, Continental, South Indian, Shake, Beverages

₹1,400 for two"
Cloud 99,4.4,"North Indian, Mughlai, Seafood, Italian, Japanese, Chinese, Salad, Desserts

₹1,200 for two",4.4,"North Indian, Mughlai, Seafood, Italian, Japanese, Chinese, Salad, Desserts

₹1,200 for two"
Varhadi Thaat Family Restaurant,3.8,"Maharashtrian, Saoji, North Indian

₹300 for two",3.8,"Maharashtrian, Saoji, North Indian

₹300 for two"
Bell Bottom Family Resto And Lounge,4.0,"North Indian, Kebab, Chinese, Seafood, Street Food

₹500 for two",4.0,"North Indian, Kebab, Chinese, Seafood, Street Food

₹500 for two"
The Irish House,4.2,"Continental, Mediterranean

₹2,500 for two",4.2,"Continental, Mediterranean

₹2,500 for two"
Fatcook,4.3,"Italian, Mexican, Oriental, Pasta, North Indian, Kebab, Desserts, Beverages

₹700 for two",4.3,"Italian, Mexican, Oriental, Pasta, North Indian, Kebab, Desserts, Beverages

₹700 for two"
The Ruby Hilltop - Sunny's World,4.4,"Bar Food, Chinese, North Indian, Asian, Italian, Mughlai, Beverages, Desserts

₹1,600 for two",4.4,"Bar Food, Chinese, North Indian, Asian, Italian, Mughlai, Beverages, Desserts

₹1,600 for two"
Vibe Bar & Grill- Courtyard By Marriott Pune Hinjawadi,4.5,"Continental, North Indian, Seafood, American, BBQ, Bar Food, Burger, Desserts

₹3,000 for two",4.5,"Continental, North Indian, Seafood, American, BBQ, Bar Food, Burger, Desserts

₹3,000 for two"
Aromas Cafe & Bistro,4.5,"Continental, Burger, Sandwich, Pizza, Italian, Arabian, Salad, Desserts

₹1,000 for two",4.5,"Continental, Burger, Sandwich, Pizza, Italian, Arabian, Salad, Desserts

₹1,000 for two"
5ive The Skybar By Radisson,4.2,"North Indian, Chinese, Biryani, Tex-Mex, Spanish, Mexican, Pizza, Desserts

₹3,000 for two",4.2,"North Indian, Chinese, Biryani, Tex-Mex, Spanish, Mexican, Pizza, Desserts

₹3,000 for two"
Casa De Silver,4.5,"North Indian, Mughlai, Mexican, American, Chinese, South Indian, Seafood, Beverages

₹1,400 for two",4.5,"North Indian, Mughlai, Mexican, American, Chinese, South Indian, Seafood, Beverages

₹1,400 for two"
The Chinese Wok,4.0,"Chinese, Asian, Oriental, Seafood, Sichuan

₹300 for two",4.0,"Chinese, Asian, Oriental, Seafood, Sichuan

₹300 for two"
Crafted By Hilton Garden Inn,4.0,"Bar Food, Continental, Italian, Modern Indian, Asian

₹3,600 for two",4.0,"Bar Food, Continental, Italian, Modern Indian, Asian

₹3,600 for two"
Bird Valley,4.2,"North Indian, Chinese, Continental, Mughlai, Kebab, Biryani, Desserts, Beverages

₹1,800 for two",4.2,"North Indian, Chinese, Continental, Mughlai, Kebab, Biryani, Desserts, Beverages

₹1,800 for two"
Hi On Chai,4.0,"Cafe, Coffee, Pizza, Burger, Pasta, Fast Food, Desserts, Beverages

₹400 for two",4.0,"Cafe, Coffee, Pizza, Burger, Pasta, Fast Food, Desserts, Beverages

₹400 for two"
Darshan,4.5,"Continental, North Indian, Chinese, Mexican, Fast Food, Desserts, Juices, Beverages

₹950 for two",4.5,"Continental, North Indian, Chinese, Mexican, Fast Food, Desserts, Juices, Beverages

₹950 for two"
Goodluck Lunch Home,-,"Maharashtrian, North Indian, Chinese, Mughlai, Biryani, Beverages

₹600 for two",-,"Maharashtrian, North Indian, Chinese, Mughlai, Biryani, Beverages

₹600 for two"
Urbo,4.2,"North Indian, Mughlai, Asian, Pizza, Italian, Chinese, Biryani, Desserts

₹2,000 for two",4.2,"North Indian, Mughlai, Asian, Pizza, Italian, Chinese, Biryani, Desserts

₹2,000 for two"
24/7 Gallery Café - Hyatt Place,3.7,"Asian, Chinese, Italian, North Indian, Oriental, Healthy Food, Desserts, Beverages

₹2,500 for two",3.7,"Asian, Chinese, Italian, North Indian, Oriental, Healthy Food, Desserts, Beverages

₹2,500 for two"
Atithi Veg,3.3,"North Indian, Chinese, Continental, South Indian, Fast Food, Biryani, Desserts, Beverages

₹1,000 for two",3.3,"North Indian, Chinese, Continental, South Indian, Fast Food, Biryani, Desserts, Beverages

₹1,000 for two"
Charcoal The Sizzling Sensation,4.4,"North Indian, Mughlai, BBQ, Italian, Biryani, Kebab, Salad

₹1,200 for two",4.4,"North Indian, Mughlai, BBQ, Italian, Biryani, Kebab, Salad

₹1,200 for two"
Amora Skyline Lounge & Kitchen,3.7,"North Indian, Chinese, Bar Food, Oriental

₹1,000 for two",3.7,"North Indian, Chinese, Bar Food, Oriental

₹1,000 for two"
Indian Thali House,4.1,"North Indian, Chinese, Beverages, Sichuan

₹500 for two",4.1,"North Indian, Chinese, Beverages, Sichuan

₹500 for two"
Bombay Culture The Cafe,4.2,"Continental, Chinese, Burger, Pizza, Fast Food, Street Food, Beverages

₹450 for two",4.2,"Continental, Chinese, Burger, Pizza, Fast Food, Street Food, Beverages

₹450 for two"
Karolbaug The Dhaba,3.8,"Chinese, North Indian, Kebab, Mughlai, Seafood, Ice Cream, Desserts, Beverages

₹850 for two",3.8,"Chinese, North Indian, Kebab, Mughlai, Seafood, Ice Cream, Desserts, Beverages

₹850 for two"
Grove Pizzeria,4.7,"Pizza

₹400 for two",4.7,"Pizza

₹400 for two"
Bahiram Thali,4.2,"Maharashtrian, Seafood, Saoji

₹550 for two",4.2,"Maharashtrian, Seafood, Saoji

₹550 for two"
Aroma's Hyderabad House,4.2,"Biryani, Kebab, North Indian, Mughlai, Seafood, Chinese, Beverages

₹1,300 for two",4.2,"Biryani, Kebab, North Indian, Mughlai, Seafood, Chinese, Beverages

₹1,300 for two"
Manbhavan Premium Thali Restaurant,3.9,"North Indian

₹500 for two",3.9,"North Indian

₹500 for two"
Daily Dosa,3.9,"South Indian, Fast Food

₹250 for two",3.9,"South Indian, Fast Food

₹250 for two"
Café Zero Point,3.6,"Fast Food, North Indian, Continental, Chinese, Italian, Sandwich, Burger, Beverages

₹1,000 for two",3.6,"Fast Food, North Indian, Continental, Chinese, Italian, Sandwich, Burger, Beverages

₹1,000 for two"
Cream Stone Ice Cream,4.2,"Ice Cream, Desserts, Beverages, Shake

₹400 for two",4.2,"Ice Cream, Desserts, Beverages, Shake

₹400 for two"
Savour By Dadus,4.1,"North Indian, Continental, Chinese, Beverages, Desserts, Fast Food, Salad, Kebab

₹1,000 for two",4.1,"North Indian, Continental, Chinese, Beverages, Desserts, Fast Food, Salad, Kebab

₹1,000 for two"
Mezza 9,4.0,"North Indian, Biryani, Asian, Continental, Mexican, Oriental, Seafood, Desserts

₹2,000 for two",4.0,"North Indian, Biryani, Asian, Continental, Mexican, Oriental, Seafood, Desserts

₹2,000 for two"
Hippie @ Heart,4.3,"Finger Food, Italian, Continental, Fast Food, BBQ, Desserts, Beverages

₹1,600 for two",4.3,"Finger Food, Italian, Continental, Fast Food, BBQ, Desserts, Beverages

₹1,600 for two"
Barbeque Ville,4.3,"North Indian, Desserts

₹1,600 for two",4.3,"North Indian, Desserts

₹1,600 for two"
Grand Royal Imperio,3.8,"North Indian, Fast Food, Chinese

₹1,200 for two",3.8,"North Indian, Fast Food, Chinese

₹1,200 for two"
Shivlingam- The Sunny's World,4.2,"North Indian, Continental, Italian, Chinese, Salad, Fast Food, Ice Cream

₹1,800 for two",4.2,"North Indian, Continental, Italian, Chinese, Salad, Fast Food, Ice Cream

₹1,800 for two"
Sahara Resto & Bar,3.9,"Kebab, Chinese, Seafood, North Indian, Mughlai, Fast Food, Biryani, Desserts

₹1,800 for two",3.9,"Kebab, Chinese, Seafood, North Indian, Mughlai, Fast Food, Biryani, Desserts

₹1,800 for two"
Citron,-,"Cafe, Oriental, Continental, North Indian, Pizza, Fast Food, Desserts, Beverages

₹1,000 for two",-,"Cafe, Oriental, Continental, North Indian, Pizza, Fast Food, Desserts, Beverages

₹1,000 for two"
Gung The Palace,4.2,"Korean

₹3,500 for two",4.2,"Korean

₹3,500 for two"
Yummy In Tummy,3.8,"North Indian, Nepalese, Momos, Fast Food, Beverages

₹200 for two",3.8,"North Indian, Nepalese, Momos, Fast Food, Beverages

₹200 for two"
Bharat Bhavan,4.3,"North Indian, Mughlai, Awadhi, Goan, Lucknowi, Kashmiri, Beverages, Desserts

₹2,000 for two",4.3,"North Indian, Mughlai, Awadhi, Goan, Lucknowi, Kashmiri, Beverages, Desserts

₹2,000 for two"
Trojan Horse Bar And Kitchen,-,"North Indian, Mughlai, Seafood, Biryani, Chinese, Kebab, Fast Food

₹1,000 for two",-,"North Indian, Mughlai, Seafood, Biryani, Chinese, Kebab, Fast Food

₹1,000 for two"
Poetry by Love and Cheesecake,3.9,"Bakery, Desserts, Cafe, Continental, Sandwich, Beverages, Finger Food, Coffee

₹1,800 for two",3.9,"Bakery, Desserts, Cafe, Continental, Sandwich, Beverages, Finger Food, Coffee

₹1,800 for two"
We Idliwale Barroom,4.4,"South Indian, Biryani, Desserts

₹1,500 for two",4.4,"South Indian, Biryani, Desserts

₹1,500 for two"
KGN Xprs,4.0,"Biryani, Chinese, North Indian

₹400 for two",4.0,"Biryani, Chinese, North Indian

₹400 for two"
Bombay Bistro,4.3,"Bar Food, Pizza, Asian, North Indian, Oriental, Continental, Chinese, Cafe

₹2,200 for two",4.3,"Bar Food, Pizza, Asian, North Indian, Oriental, Continental, Chinese, Cafe

₹2,200 for two"
Singh Saab The Paratha House,4.0,"North Indian, Chinese, Street Food, Beverages

₹500 for two",4.0,"North Indian, Chinese, Street Food, Beverages

₹500 for two"
Feast India Company,4.5,"Chinese, Oriental, North Indian, Seafood, Kebab, Desserts, Beverages

₹1,400 for two",4.5,"Chinese, Oriental, North Indian, Seafood, Kebab, Desserts, Beverages

₹1,400 for two"
Si Nonna’s - The Original Sourdough Pizza,4.5,"Cafe, Italian, Pizza, Desserts

₹1,300 for two",4.5,"Cafe, Italian, Pizza, Desserts

₹1,300 for two"
Angaar,4.3,"North Indian, Mughlai, Chinese, Seafood, Biryani, Beverages

₹1,400 for two",4.3,"North Indian, Mughlai, Chinese, Seafood, Biryani, Beverages

₹1,400 for two"
Huber & Holly,4.3,"Desserts, Ice Cream, Shake, Coffee, Pasta, Sandwich, Pizza, Cake

₹800 for two",4.3,"Desserts, Ice Cream, Shake, Coffee, Pasta, Sandwich, Pizza, Cake

₹800 for two"
La Belle Resto Bar,New,"Maharashtrian, North Indian, Mughlai, Asian, Biryani, Pizza, Continental, Chinese

₹1,200 for two",New,"Maharashtrian, North Indian, Mughlai, Asian, Biryani, Pizza, Continental, Chinese

₹1,200 for two"
The Regent Veg Restaurant,3.8,"North Indian, Chinese, Street Food, Fast Food, Biryani, Desserts, Beverages

₹1,200 for two",3.8,"North Indian, Chinese, Street Food, Fast Food, Biryani, Desserts, Beverages

₹1,200 for two"
The Burgs,3.9,"Burger, Fast Food

₹400 for two",3.9,"Burger, Fast Food

₹400 for two"
Hotel Kanji Family Restaurant And Bar,3.7,"North Indian, Chinese, Fast Food

₹1,000 for two",3.7,"North Indian, Chinese, Fast Food

₹1,000 for two"
California Burrito,New,"Mexican, Healthy Food, Salad, Fast Food, Beverages

₹300 for two",New,"Mexican, Healthy Food, Salad, Fast Food, Beverages

₹300 for two"
Karolbaug The Theka,4.3,"North Indian, Seafood, Continental, Italian, Mughlai, Bar Food, Biryani, Desserts

₹1,300 for two",4.3,"North Indian, Seafood, Continental, Italian, Mughlai, Bar Food, Biryani, Desserts

₹1,300 for two"
Panch-Sattva,4.4,"South Indian, Beverages, Desserts

₹1,200 for two",4.4,"South Indian, Beverages, Desserts

₹1,200 for two"
Cocktail Club,4.0,"North Indian, Italian, Salad

₹1,700 for two",4.0,"North Indian, Italian, Salad

₹1,700 for two"
Spice It - ibis Pune Hinjewadi,4.0,"North Indian, Chinese, Healthy Food, Continental, Fast Food, Bar Food, Beverages

₹2,250 for two",4.0,"North Indian, Chinese, Healthy Food, Continental, Fast Food, Bar Food, Beverages

₹2,250 for two"
Upsouth,3.8,"South Indian, Sandwich, Fast Food, Beverages

₹300 for two",3.8,"South Indian, Sandwich, Fast Food, Beverages

₹300 for two"
Pie and Pea Cafe & Bakery,3.9,"Cafe, Coffee, Bakery, Pizza, Sandwich, Fast Food, Biryani, Desserts

₹900 for two",3.9,"Cafe, Coffee, Bakery, Pizza, Sandwich, Fast Food, Biryani, Desserts

₹900 for two"
House Of Churros,New,"Spanish, Bakery, Coffee

₹500 for two",New,"Spanish, Bakery, Coffee

₹500 for two"
Mocha & Mingle cafe,New,"Coffee, Cafe, Beverages, Shake

₹300 for two",New,"Coffee, Cafe, Beverages, Shake

₹300 for two"
Aroma Rich Cafe,New,"Cafe, Coffee, Bakery, Fast Food, Pizza, Salad, Tea, Beverages

₹800 for two",New,"Cafe, Coffee, Bakery, Fast Food, Pizza, Salad, Tea, Beverages

₹800 for two"
Coffee To Cocktails Bar - Hyatt Place,4.0,"North Indian, Fast Food, Healthy Food, Oriental

₹3,000 for two",4.0,"North Indian, Fast Food, Healthy Food, Oriental

₹3,000 for two"
Hotel Rassa Kitchen And Bar,4.2,"Maharashtrian, North Indian, Mughlai, Seafood, Chinese, Kebab, Biryani, Desserts

₹1,000 for two",4.2,"Maharashtrian, North Indian, Mughlai, Seafood, Chinese, Kebab, Biryani, Desserts

₹1,000 for two"
Sanket Inn Family Resto & Bar,4.1,"Maharashtrian, North Indian, Kebab, Mughlai, Biryani, Chinese, Ice Cream, Beverages

₹1,300 for two",4.1,"Maharashtrian, North Indian, Kebab, Mughlai, Biryani, Chinese, Ice Cream, Beverages

₹1,300 for two"
Cafe Skywalkers,3.9,"Fast Food, Wraps, Burger, Pizza, Pasta, Street Food, Beverages

₹600 for two",3.9,"Fast Food, Wraps, Burger, Pizza, Pasta, Street Food, Beverages

₹600 for two"
Asia Seven – Sizzling Chinese,3.9,"Chinese

₹200 for two",3.9,"Chinese

₹200 for two"
Madrasi Raja,4.1,"South Indian, Street Food, Beverages

₹200 for two",4.1,"South Indian, Street Food, Beverages

₹200 for two"
"Frozen Bottle - Milkshakes, Desserts And Ice Cream",3.2,"Shake, Beverages, Desserts, Ice Cream, Waffle, Healthy Food, Coffee

₹300 for two",3.2,"Shake, Beverages, Desserts, Ice Cream, Waffle, Healthy Food, Coffee

₹300 for two"
Best Belgian Waffle,3.6,"Waffle, Desserts, Beverages

₹350 for two",3.6,"Waffle, Desserts, Beverages

₹350 for two"
Cafe Durga,3.8,"North Indian, South Indian, Chinese, Pizza, Sandwich, Fast Food, Street Food, Beverages

₹300 for two",3.8,"North Indian, South Indian, Chinese, Pizza, Sandwich, Fast Food, Street Food, Beverages

₹300 for two"
Arnav Pure Veg,3.7,"North Indian, Chinese

₹400 for two",3.7,"North Indian, Chinese

₹400 for two"
Regal Cakes And Bakers,3.6,"Bakery, Desserts

₹350 for two",3.6,"Bakery, Desserts

₹350 for two"
Chopsticks,3.7,"Chinese

₹1,000 for two",3.7,"Chinese

₹1,000 for two"
Ambrosios,4.2,"North Indian

₹350 for two",4.2,"North Indian

₹350 for two"
Cafe Close 2 Sky,3.4,"Sandwich, Pizza, Fast Food, Burger, Pasta, Street Food, Beverages

₹400 for two",3.4,"Sandwich, Pizza, Fast Food, Burger, Pasta, Street Food, Beverages

₹400 for two"
Baithack - Taste Of Kulhad,3.9,"Tea, Coffee, Pizza, Sandwich, Fast Food, Street Food, Shake, Beverages

₹300 for two",3.9,"Tea, Coffee, Pizza, Sandwich, Fast Food, Street Food, Shake, Beverages

₹300 for two"
Chalu Aapna Desi Chinese,3.9,"Maharashtrian, Chinese, Momos, Beverages

₹550 for two",3.9,"Maharashtrian, Chinese, Momos, Beverages

₹550 for two"
The Urban Belly,3.6,"Sandwich, Pizza, Fast Food, Street Food, Coffee, Beverages

₹250 for two",3.6,"Sandwich, Pizza, Fast Food, Street Food, Coffee, Beverages

₹250 for two"
Dinero Fine Dine,3.9,"Modern Indian

₹2,000 for two",3.9,"Modern Indian

₹2,000 for two"
Kiosk Kaffee,3.3,"Healthy Food, Continental, Italian, Finger Food, Sandwich, Beverages, Cafe, Coffee

₹300 for two",3.3,"Healthy Food, Continental, Italian, Finger Food, Sandwich, Beverages, Cafe, Coffee

₹300 for two"
Delhi Chaap Express,3.9,"North Indian, Momos, Rolls

₹300 for two",3.9,"North Indian, Momos, Rolls

₹300 for two"
Street Foods By Punjab Grill,3.7,"North Indian

₹800 for two",3.7,"North Indian

₹800 for two"
Wasabi 15,3.1,"Asian, Japanese, Korean, Chinese, Desserts, Beverages

₹1,500 for two",3.1,"Asian, Japanese, Korean, Chinese, Desserts, Beverages

₹1,500 for two"
Hotel Sanket Inn,3.6,"North Indian, Chinese, Seafood, Mughlai, Biryani, Beverages

₹950 for two",3.6,"North Indian, Chinese, Seafood, Mughlai, Biryani, Beverages

₹950 for two"
Desi Eats,3.9,"North Indian, Street Food

₹400 for two",3.9,"North Indian, Street Food

₹400 for two"
Cafe Love Lock,3.6,"Fast Food, Sandwich, Burger, Coffee

₹350 for two",3.6,"Fast Food, Sandwich, Burger, Coffee

₹350 for two"
The Incognito Nitery,3.4,"Chinese, Sandwich, Pasta, Fast Food, Street Food, Beverages

₹250 for two",3.4,"Chinese, Sandwich, Pasta, Fast Food, Street Food, Beverages

₹250 for two"
Ajinkya Executive,3.7,"Chettinad, Biryani, Kebab, Chinese, Mangalorean, Mughlai, Seafood, Beverages

₹850 for two",3.7,"Chettinad, Biryani, Kebab, Chinese, Mangalorean, Mughlai, Seafood, Beverages

₹850 for two"
Portico - Sayaji Hotel,4.4,"North Indian, Asian, Fast Food, Salad, South Indian, Bar Food, Beverages

₹1,600 for two",4.4,"North Indian, Asian, Fast Food, Salad, South Indian, Bar Food, Beverages

₹1,600 for two"
Coconut Chutneey - The South Canteen,3.8,"South Indian

₹200 for two",3.8,"South Indian

₹200 for two"
Sahyadri Veg And Non Veg,3.3,"Maharashtrian, North Indian, Mughlai, Biryani, Kebab, Chinese

₹1,000 for two",3.3,"Maharashtrian, North Indian, Mughlai, Biryani, Kebab, Chinese

₹1,000 for two"
Bambir House,2.8,"Biryani, Mughlai, Malwani

₹1,200 for two",2.8,"Biryani, Mughlai, Malwani

₹1,200 for two"
Malgudi,3.8,"South Indian, Beverages

₹450 for two",3.8,"South Indian, Beverages

₹450 for two"
Fried Chicken Destination,2.3,"Burger, Wraps, Fast Food

₹400 for two",2.3,"Burger, Wraps, Fast Food

₹400 for two"
Hotel Shivprasad Veg - Nonveg,4.1,"North Indian, Chinese

₹350 for two",4.1,"North Indian, Chinese

₹350 for two"
AB's - Absolute Barbecues,4.7,"North Indian, BBQ, Biryani

₹1,650 for two",4.7,"North Indian, BBQ, Biryani

₹1,650 for two"
Hotel Sandeep,2.8,"Maharashtrian, North Indian, Chinese, Mughlai

₹1,400 for two",2.8,"Maharashtrian, North Indian, Chinese, Mughlai

₹1,400 for two"
Maratha Samrat,4.3,"Maharashtrian, Seafood, Biryani, Desserts

₹1,300 for two",4.3,"Maharashtrian, Seafood, Biryani, Desserts

₹1,300 for two"
Si Nonna's - The Original Sourdough Pizza,4.4,"Pizza, Italian, Desserts, Coffee, Beverages

₹1,000 for two",4.4,"Pizza, Italian, Desserts, Coffee, Beverages

₹1,000 for two"
The Magic Bottle,New,"Sandwich, Burger, Pasta, Momos, Fast Food, Ice Cream, Coffee, Beverages

₹250 for two",New,"Sandwich, Burger, Pasta, Momos, Fast Food, Ice Cream, Coffee, Beverages

₹250 for two"
OarameHa's Cake Shop,-,"Bakery

₹450 for two",-,"Bakery

₹450 for two"
DSK Cafe & Snack Center,-,"North Indian, Cafe, South Indian

₹100 for two",-,"North Indian, Cafe, South Indian

₹100 for two"
Lord Petrick Burger & Coffee,4.2,"Burger, Wraps, Fast Food, Desserts, Beverages, Cafe, Coffee

₹550 for two",4.2,"Burger, Wraps, Fast Food, Desserts, Beverages, Cafe, Coffee

₹550 for two"
Fiesta By Barbeque Nation,3.8,"North Indian, Salad, Continental, Oriental

₹1,500 for two",3.8,"North Indian, Salad, Continental, Oriental

₹1,500 for two"
Barbeque Nation,4.3,"North Indian, BBQ, Biryani, Kebab, Continental, Chinese, Beverages, Desserts

₹2,100 for two",4.3,"North Indian, BBQ, Biryani, Kebab, Continental, Chinese, Beverages, Desserts

₹2,100 for two"
Bird Valley EXPRESS PURE VEG,3.9,"North Indian, South Indian, Kebab, Chinese, Biryani, Street Food, Desserts, Beverages

₹500 for two",3.9,"North Indian, South Indian, Kebab, Chinese, Biryani, Street Food, Desserts, Beverages

₹500 for two"
Yana Sizzlers And Wok,3.1,"Chinese, Asian, Jamaican, BBQ, Seafood, Salad, Desserts, Beverages

₹1,800 for two",3.1,"Chinese, Asian, Jamaican, BBQ, Seafood, Salad, Desserts, Beverages

₹1,800 for two"
Khandeshi Tadka,3.6,"Maharashtrian, Mughlai, Biryani

₹650 for two",3.6,"Maharashtrian, Mughlai, Biryani

₹650 for two"
Opera House,-,"Pizza, Fast Food, Shake, Coffee, Beverages

₹200 for two",-,"Pizza, Fast Food, Shake, Coffee, Beverages

₹200 for two"
The Lassi Corner,-,"Beverages, Fast Food, Street Food, Ice Cream, Shake, Wraps, Burger

₹300 for two",-,"Beverages, Fast Food, Street Food, Ice Cream, Shake, Wraps, Burger

₹300 for two"
Smoothie House,New,"Cafe, Coffee, Beverages, Healthy Food, Shake, Juices

₹400 for two",New,"Cafe, Coffee, Beverages, Healthy Food, Shake, Juices

₹400 for two"
Apache High Street,4.3,"Finger Food, Continental, Salad

₹1,300 for two",4.3,"Finger Food, Continental, Salad

₹1,300 for two"
Wagh Bakri Tea Lounge,3.8,"Tea, Coffee, Bubble Tea, Sandwich, Street Food, Desserts

₹400 for two",3.8,"Tea, Coffee, Bubble Tea, Sandwich, Street Food, Desserts

₹400 for two"
Blue Tokai Coffee Roasters,4.3,"Cafe, Coffee, Beverages

₹600 for two",4.3,"Cafe, Coffee, Beverages

₹600 for two"
G Sardar G Da Dhaba,-,"North Indian, Biryani, Kebab, Chinese, Mughlai, Street Food, Beverages

₹1,000 for two",-,"North Indian, Biryani, Kebab, Chinese, Mughlai, Street Food, Beverages

₹1,000 for two"
Sandwich Junction,-,"Pizza, Fast Food, Sandwich, Shake, Beverages

₹400 for two",-,"Pizza, Fast Food, Sandwich, Shake, Beverages

₹400 for two"
Sandwich Junction,-,"Pizza, Fast Food, Sandwich, Shake, Beverages

₹400 for two",-,"Sandwich, Beverages

₹300 for two"
Tap & Bear,-,"Continental, Finger Food, Bar Food, North Indian, Alcoholic Beverages

₹1,100 for two",-,"Continental, Finger Food, Bar Food, North Indian, Alcoholic Beverages

₹1,100 for two"
Crown Pizza,-,"Pizza, Burger, Pasta, Fast Food

₹350 for two",-,"Pizza, Burger, Pasta, Fast Food

₹350 for two"
Cake Choice Multi Baker's & Confectioner's,-,"Bakery

₹400 for two",-,"Bakery

₹400 for two"
Cake Way,-,"Bakery

₹300 for two",-,"Bakery

₹300 for two"
Sheetal Pure Veg,3.3,"Maharashtrian, North Indian, Chinese, Continental, Salad, Pizza, Mexican, Beverages

₹950 for two",3.3,"Maharashtrian, North Indian, Chinese, Continental, Salad, Pizza, Mexican, Beverages

₹950 for two"
Pine & Dine Restro,-,"North Indian, Chinese, Seafood, Biryani, Kebab

₹1,000 for two",-,"North Indian, Chinese, Seafood, Biryani, Kebab

₹1,000 for two"
Inventree Hotel,-,"North Indian, Chinese, Mughlai, Biryani, Continental, Seafood, Desserts, Beverages

₹1,300 for two",-,"North Indian, Chinese, Mughlai, Biryani, Continental, Seafood, Desserts, Beverages

₹1,300 for two"
Spring Onion,4.3,"Chinese, Asian, Japanese, Seafood, Cantonese, Fast Food, Beverages

₹1,000 for two",4.3,"Chinese, Asian, Japanese, Seafood, Cantonese, Fast Food, Beverages

₹1,000 for two"
Bailamos Alfresco & Dance,4.3,"Italian, Bar Food, North Indian, Chinese, Japanese, Biryani, Fast Food, Desserts

₹2,000 for two",4.3,"Italian, Bar Food, North Indian, Chinese, Japanese, Biryani, Fast Food, Desserts

₹2,000 for two"
De Dana Dan,-,for two,-,for two
Shivneri Vada Pav - Misal House,-,"Maharashtrian, South Indian, Beverages

₹200 for two",-,"Maharashtrian, South Indian, Beverages

₹200 for two"
Nisarga Garden Resto Bar,-,"North Indian, Mughlai, Chinese, Desserts, Beverages

₹1,500 for two",-,"North Indian, Mughlai, Chinese, Desserts, Beverages

₹1,500 for two"
Cafe Caspian,-,"North Indian, Biryani, Beverages

₹300 for two",-,"North Indian, Biryani, Beverages

₹300 for two"
Just Grill,-,"North Indian, Mughlai, Arabian, Biryani, Fast Food, Beverages

₹600 for two",-,"North Indian, Mughlai, Arabian, Biryani, Fast Food, Beverages

₹600 for two"
Sandwich Junction,-,"Sandwich, Beverages

₹300 for two",-,"Pizza, Fast Food, Sandwich, Shake, Beverages

₹400 for two"
Sandwich Junction,-,"Sandwich, Beverages

₹300 for two",-,"Sandwich, Beverages

₹300 for two"
Hotel Gav Curry,-,"Chinese, Sichuan

₹250 for two",-,"Chinese, Sichuan

₹250 for two"
The Deck,-,"North Indian, Mughlai, Kebab, Asian, Seafood, Continental, Italian, Desserts

₹1,400 for two",-,"North Indian, Mughlai, Kebab, Asian, Seafood, Continental, Italian, Desserts

₹1,400 for two"
Street Coffee,-,"Cafe, Coffee, Desserts, Beverages

₹300 for two",-,"Cafe, Coffee, Desserts, Beverages

₹300 for two"
Charred,-,"Continental, Chinese, Salad

₹1,000 for two",-,"Continental, Chinese, Salad

₹1,000 for two"
It's Street Coffee,-,"Coffee, Shake, Desserts, Beverages

₹350 for two",-,"Coffee, Shake, Desserts, Beverages

₹350 for two"
Dezzerto,New,"Desserts, Ice Cream, Shake

₹200 for two",New,"Desserts, Ice Cream, Shake

₹200 for two"
Hotel Chul Mutton,2.9,"Maharashtrian, Mughlai, North Indian, Biryani

₹950 for two",2.9,"Maharashtrian, Mughlai, North Indian, Biryani

₹950 for two"
The Burger Company,3.4,"Burger, Pizza, Fast Food

₹300 for two",3.4,"Burger, Pizza, Fast Food

₹300 for two"
Pakwan Food Tradition,4.2,"North Indian, Rajasthani, Chinese, Sichuan

₹1,300 for two",4.2,"North Indian, Rajasthani, Chinese, Sichuan

₹1,300 for two"
Why So Cheesy?,-,"Pizza, Sandwich, Fast Food

₹400 for two",-,"Pizza, Sandwich, Fast Food

₹400 for two"
Walnut Cafe & Restaurant,-,"North Indian, Chinese, Biryani, Fast Food, Street Food

₹300 for two",-,"North Indian, Chinese, Biryani, Fast Food, Street Food

₹300 for two"
The Chinese House,-,"Momos, Chinese

₹300 for two",-,"Momos, Chinese

₹300 for two"
The Chimbori Seafood Kitchen,3.8,"Seafood, North Indian, Biryani, Mughlai, Chinese, Asian

₹2,000 for two",3.8,"Seafood, North Indian, Biryani, Mughlai, Chinese, Asian

₹2,000 for two"
Costa Coffee,3.5,"Cafe, Coffee, Beverages, Bakery, Desserts

₹400 for two",3.5,"Cafe, Coffee, Beverages, Bakery, Desserts

₹400 for two"
Ajinkya Restaurant,-,"Chinese, Continental, Salad, Shake, Beverages

₹500 for two",-,"Chinese, Continental, Salad, Shake, Beverages

₹500 for two"
Hotel Gangasagar,-,"Maharashtrian

₹300 for two",-,"Maharashtrian

₹300 for two"
Fluid Lab,-,"North Indian, Asian, Italian, Mughlai, Biryani, Chinese, Seafood, Desserts

₹1,250 for two",-,"North Indian, Asian, Italian, Mughlai, Biryani, Chinese, Seafood, Desserts

₹1,250 for two"
Soul Kitchen,-,"North Indian, Mughlai, Seafood, Asian, Italian, Kebab, Biryani, Desserts

₹1,600 for two",-,"North Indian, Mughlai, Seafood, Asian, Italian, Kebab, Biryani, Desserts

₹1,600 for two"
