restaurant,url,reviews/0/review,reviews/0/rating,reviews/1/review,reviews/1/rating,reviews/2/review,reviews/2/rating,reviews/3/review,reviews/3/rating,reviews/4/review,reviews/4/rating
Favela,https://www.zomato.com/pune/favela-hinjawadi/reviews,All of us who dined here ended up with stomach infections the same day. Clearly something was wrong with the food hygiene or freshness. This is not just disappointing ‚Äî it's dangerous. Would not recommend this place üëé,1,"went there to celebrate our anniversary, it wasn't a good experience. The ambience is average, food is not up to the mark",5,Excellent food Quality and Service,3,"Fantastic Dining Experience at Favela Restaurant!

I had an amazing time at Favela Restaurant! The ambiance is vibrant and beautifully designed ‚Äî a perfect blend of comfort and style. The staff were warm, attentive, and made sure we were well taken care of throughout our visit.Especially sunny has served us and he is amazing.

The food was absolutely delicious ‚Äî every dish was packed with flavor and presented beautifully. From starters to dessert, everything exceeded expectations. The menu offers a great variety, and the quality of ingredients really stands out.

Highly recommend Favela Restaurant for anyone looking for a memorable dining experience with great food, service, and...read more",2,,
Tettoricca,https://www.zomato.com/pune/tettoricca-hinjawadi/reviews,Nice evening outing here. Rustom the waiter was really good at service. Enjoyed the night,1,food is tasty and service also good,5,"Good food with good service. Well spoken staff with good recommendations.
Awesome vibe for a cute place.",3,"Service was fantastic, Thanks to Sona for the food suggestions.
The food was perfect. Must visit for friends and family.",2,,
Intactu,https://www.zomato.com/pune/intactu-hinjawadi/reviews,"The place was really nice, the service was also good as well as the staff. Must visit:)",5,,,,,,,,
The 3 Musketeers Cafe & Bar,https://www.zomato.com/pune/the-3-musketeers-cafe-bar-hinjawadi/reviews,Thanks for the amazing hospitality by Sonu. We really enjoyed a lot with live music and delicious food.,4,Food was good. Service by Sonu was great.,3,,,,,,
Agent Jack's,https://www.zomato.com/pune/agent-jacks-baner/reviews,Service was real great people were polite,1,I like food and ambiance I specially like agent jack maze platter,5,Ambience and service is good,4,good food and nice vibe...,3,,
Bao Story,https://www.zomato.com/pune/bao-story-1-hinjawadi/reviews,great food,5,Food kinda bland,4,,,,,,
Momentt- Enrise By Sayaji,https://www.zomato.com/pune/momentt-enrise-by-sayaji-expressway/reviews,"Both hara bhara kebab and corn tikki were overcooked to the point where the almost looked burnt instead of tasty. The Paneer tikka was definitely not marinaded properly because there was almost no masala sticking to the Paneer and it tasted extremely bland.
Tomato soup was nice and Manchurian starter was good. Not a great experience overall because I have received much better tasting food from this exact same place for same items during my previous orders.",4,,,,,,,,
YOLO Gastro Lounge,https://www.zomato.com/pune/yolo-gastro-lounge-pimple-nilakh/reviews,"Poor service
Arogant Manager
Reserve dance floor for private party without intimation to others
Food quality is poor
No vibes
I regret and waste of money
Don't visit",1,Manoj Rana services was awesome,5,"Not Worth It
The food didn‚Äôt taste good, and the yeast items were really bad. Staff didn‚Äôt treat us well, and service was slow. The prices were much higher than what was shown online. Totally disappointing visit.",4,"Very Bad Experience
The food was not good, especially the items made with yeast. The service was slow and the staff was not friendly. The prices were too high, and the amount on the bill was more than what I saw on Tomato Booking. I won‚Äôt go there again.",3,Good food,2
C - Dock,https://www.zomato.com/pune/c-dock-hinjawadi/reviews,"C Dock is an excellent place with a great ambience. The prices are reasonable and the atmosphere is amazing. The dance floor was buzzing, and the DJ kept the energy high with a great mix of music. The staff were friendly and attentive, and the overall atmosphere was lively and inviting. Would definitely visit againüçª",5,"The vibes were just perfect, relaxed yet lively, with a stunning poolside view that made the dining experience even better. The food was delicious, full of flavor and beautifully presented.
The service was quick, polite, and attentive. Whether you‚Äôre planning a date night, family dinner, or a get-together with friends, this spot has it all, great ambience, tasty food, and that dreamy pool vibe. Will definitely be back soon!",4,"If you're looking for the perfect blend of delicious food and serene ambience, this place should be at the top of your list. I've visited multiple times, and every single time, they‚Äôve nailed it ‚Äî from the flavors on the plate to the calming vibe by the pool.
A special mention to Pankaj, who always takes incredible care of guests. He‚Äôs warm, attentive, and makes sure your dining experience is smooth from start to finish. Truly a great host and a big part of why I keep coming back! Highly recommend C-Dock.",3,good service and descent food,2,,
Teera,https://www.zomato.com/pune/teera-wakad/reviews,nice ambience,1,Food is good service I also very good. sumit did a pretty good job at service..,5,The ambience is awesome and so is the service provided by Mr. Sumit.,4,sumit was great at his service,2,,
Skylo 9,https://www.zomato.com/pune/skylo-9-1-wakad/reviews,Food and service was awesome.,1,"350rs hidden charges hai bhai.
water bottle cost is 90rs and gst costed me 100rs service charges 200rs + vat 10% which is again more 40rs not fair at all.",5,The food quality was good but the service was very late.,4,,,,
The Barkhana,https://www.zomato.com/pune/the-barkhana-wakad/reviews,amazing taste I had jamacian chicken tikka,4,the noodles were bit smelly so not sure how fresh it was .. and zomato customer service is a joke ..,3,Good Food and ambience. but a unusual element in bill called STAFF CONTRIBUTION which is nearly 10%,2,,,,
Downtown Club,https://www.zomato.com/pune/downtown-club-hinjawadi/reviews,Extremely bad food. Need my money back,3,good service by the Staff,2,,,,,,
Cafe Peter,https://www.zomato.com/pune/cafe-peter-1-wakad/reviews,pizza was served absolutely cold. pan cake taste was not that good,1,,,,,,,,
Yakii,https://www.zomato.com/pune/yakii-balewadi/reviews,"amazing food, very good service by babli and ujwal. crazy ambience. must visit",1,Great service and ambience,3,the service was poor and the started served had to be made again as it was overcooked and oily (had ordered spring roll and it was not coated properly and broke while frying and was not checked by the chef before serving). This wasted 15 min of our time.,2,,,,
Tim Hortons,https://www.zomato.com/pune/tim-hortons-1-balewadi/reviews,,,,,,,,,,
Torre - Gourmet Dining & Bar,https://www.zomato.com/pune/torre-gourmet-dining-bar-baner/reviews,"Torre had been on my list for a few months for now after it was highly recommended to me by a friend. I finally had a chance to visit this place on a weekday, monday with a friend. Torre is located on Balewadi High Street. Two wheeler and Four wheeler parking available. To my great surprise, this restaurant is located in an under construction building. It is a medium sized outlet with majorly indoor seating. The indoor ambience is good with bright vibrant lights. The place was completely empty and we were their only customers throughout the night. Torre specializes in serving Mexican food. We ordered their Empanadas Del Sol and Vegetable Fajitas. The Empanads were really great. Fried to...read more",1,great food and very good service,4,amazing service with great taste,3,Late services,2,,
Poise,https://www.zomato.com/pune/poise-hinjawadi/reviews,Food and drinks were too good....Yash had served at our table...he was very courteous,1,looking for an ultimate party spot . This place has everythings you need a vibrant dance floor its a kind of place wherethe party never stops . Let us put you on to poise . An impressive bar menu with a wide range of moctails and cocktails refreshing energetic just as the way you want. From startees to mains every disg us packed with craving indian flavous . They delivers on taste rvery singe tine. End your meal on a sweet note with there irresistible desert options. Also there romantic outdoor searings sere the perfect mood. Poise in hinjewadi has you covered for every celebration,5,I really loved this place. It has great ambience and great vibe. Best place to enjoy the party,4,"Poise impressed me with its creative cocktails and well-balanced mocktails were my favorites. The food was fresh, flavorful, and beautifully presented. A great spot if you enjoy good food with a touch of elegance.",3,"Poise in Hinjawadi, Pune, offers a lively ambiance, attentive service, and flavorful dishes, making it a great spot for dining and socializing.",2
You Mee,https://www.zomato.com/pune/you-mee-wakad/reviews,"Extremely tasteless soup, soggy fried noodle",1,,,,,,,,
Cafe Blu by Radisson Blu Hinjewadi,https://www.zomato.com/pune/cafe-blu-by-radisson-blu-hinjewadi-hinjawadi/reviews,"Had an amazing seafood buffet at Cafe Blu! The spread was super fresh and flavorful. Absolutely loved the Kerala-style prawns, rich and spicy just the way I like it. The Konkani dishes were a treat, and the desserts were the perfect sweet ending. Totally worth it for seafood lovers!",5,Food was good. Thank you Abhijeet and team for the humble service!,4,Abhijit‚Äôs service is very good. Highly professional and polite.,2,,,,
Pind Punjab,https://www.zomato.com/pune/pind-punjab-hinjawadi/reviews,"the worst chicken lollipops I had in my life.. totally dissatisfied. uncooked, no spices, tasteless",4,The biryani didn't had salt. it lacked flavour from the spices. The 2 pieces of tikka were good. but overall considering the price and brand I was expecting it to taste better and have salt added.,2,,,,,,
The Kuti Project,https://www.zomato.com/pune/the-kuti-project-2-baner/reviews,"Looking for a cafe that vibes just right? Kuti Project Cafe in Baner is your go-to spot! Whether you‚Äôre planning a chill hangout with friends or a cozy date, this spacious cafe with charming indoor and outdoor seating ticks all the boxes. The peaceful, cute ambience pairs perfectly with their diverse menu. Don‚Äôt miss must-try dishes like the Titae Olives Jalapeno Peppers Pizza, Lal Math Ravioli, Orange Tonic Espresso, and Emily Greens. Great for working, gaming, or just making memories!",5,"The Kuti Project offers a unique blend of modern Indian fusion with a creative menu and aesthetic plating. The Cannelloni Vangi and Aamras Cream were standout dishes. However, the service could be improved ‚Äî we had to wait longer than expected. Worth a visit if you‚Äôre not in a rush!",4,nice ambience and good stuff,3,"Found this place randomly, Ample amount of car parking space, Vibe is great, Beautiful decor, Nice place to hangout or for date,
Little heavy to pocket, Food was Ok ok, Loved the Vietnams coffee",2,,
1BHK Superbar,https://www.zomato.com/pune/1bhk-superbar-baner/reviews,"service was great, saul assisted really well.",4,Thank you Saul for the hospitality. Good food. Great vibe.,3,"Good place
Great food.",2,,,,
Tatva The Vegetarian Kitchen,https://www.zomato.com/pune/tatva-the-vegetarian-kitchen-baner/reviews,"Ok ok food.
Kasturi paneer kebab and hara bhara kabab was good
Pav bhaji needs improvement
Mango mastani was just shake nothing else",4,"Very good service and food
Loved it!!!",2,,,,,,
Rustic Sands,https://www.zomato.com/pune/rustic-sands-hinjawadi/reviews,"Went for dinner yesterday and this place is just about ambience. That's it ! Food was subpar and very lousy service. The food was not even hot, the taste was 0. It was just a waste of time and money",5,Food was good. Ambience was good. Renuka served us well.,4,"Mediocre food and mediocre service
Had ordered Spicy Cottage Cheese Mushroom, it had zero flavour and the cottage cheese just felt fake",3,,,,
Qala Cafe & Co - Works,https://www.zomato.com/pune/qala-cafe-co-works-baner/reviews,"Simply awesome! We went there for our 4th Anniversary and it is the perfect place for every age group, especially for millennials. Talking about food, we ordered Quesdillas and Pesto Penne Pasta. Super tasty quality food and every food request was taken into consideration. We ordered Mocha from the beverages section which was best in class. Highly recommended for your next dining experience.",1,"great ambience and quality food ,staff is welcoming basically a great place to hangout",5,The place was nice and cozy. The food was great - the Pesto omelet and pancakes were very tasty. The coffee was perfect. I had a great time here. I would definitely go back again. Highly recommend!,4,I ordered the Nutella banana crepe but it was below average. The Nutella was just on the bottom most layer of crepe. The ambience and vibe is really good but the food can be improved.,3,They charge 50 rupees extra to sit and work also the food is pathetic wont recommend at all.,2
Opel Kitchen Bar,https://www.zomato.com/pune/opel-kitchen-bar-wakad/reviews,Visited a restaurant where there was 0 complaint regarding food. absolutely delicious. very hospitable staff. service could be a bit fast thats all.,1,Really nice experience. If you are looking for something aesthetic you can visit Opel. The service is also really nice.,4,The food was good.. and the best part which I liked was their service they are very attentive,3,The restaurant is newly opened and the service is amazing. Good is delivious. Enjoyed the dining experience. Must visit.,2,,
The Rustle Nest,https://www.zomato.com/pune/the-rustle-nest-baner/reviews,I have been to Rustle nest and food is really good. But Hyderabadi chicken biryani was bad today. Chicken didn't seem to be fresh and it was undercooked and had a little bit of smell.,4,"Rustle Nest is my ultimate go-to spot ‚Äî a perfect blend of comforting food, cozy seating, and that warm, inviting vibe that keeps pulling me back. Whether it's a casual catch-up or a quiet solo moment, this place never disappoints. The desserts are absolutely incredible ‚Äî rich, fresh, and indulgent. Don‚Äôt leave without trying their carrot & orange cake; it‚Äôs next level! I‚Äôve lost count of how many times my friend and I have come back ‚Äî and we‚Äôll keep doing so.",2,,,,,,
Filament Bar,https://www.zomato.com/pune/filament-bar-wakad/reviews,food and ambience is awesome....Aktav served and suggested good choices of food to us...his service was very prompt and good.,1,"service can be improved, chicken is excellent but marination was salty",5,It was a wonderful night with friend . Food was amazing specially the mini kulcha boti taco and and chicken wings. The staff was so attentive and polite,4,"Hello,

ambience and food quality is superb. really loved it. we went here with a group of 17 people and enjoyed a lot
serving style and presentation is very attractive
I am rating 3/5 just because of quantity as compared to price.
all items are overpriced and quantity is very poor as compared to it",2,,
The Soundtrack Cafe,https://www.zomato.com/pune/the-soundtrack-cafe-pimple-nilakh/reviews,"We had black coffee, garlic bread, and chili paneer. The taste was excellent!
Service was a bit slow, probably due to the crowd and fresh preparation.
The price was slightly on the higher side ‚Äî we paid around ‚Çπ931 for the above.
Overall, it was a good experience.",5,"Its stale, smells weird and tastes weird",2,,,,,,
Azzurro,https://www.zomato.com/pune/azzurro-pimple-nilakh/reviews,"worst service amd food!!!! first they were not turning up to take order.after giving order, one hour we did not get the soup and starters, after continuously following up, we got just one soup in grp of 8 ppl, the other 7 soups arrived another 20 mins later. minestrone soup was just the tomato soup with carrots and beans added. they forgot about starters. after following up, they served us pathetic sour chciken starter, which we had to replace. the replacement also came after long wait. over all pathetic service. the serving staff is all new and are not trained properly to serve on weekends. they dont understand hindi and English also. the management has also changed i guess, which has...read more",1,We came early so got the starters quickly. However the main course never came up. finally after waiting for an hour has to leave the place hungry. Even when we were leaving the food was not ready. The waiter sheepishly remarked if they had been given another two minutes. amazingly they never bothered for the entire one hour. Screenshot of the Swiggy order that I had to place.,5,Worst service. I‚Äôm still waiting here for my order for the past 1 hour and nobody is even bothered to ask. Pathetic service. Only live music is good else such a pathetic service,4,"Took 45 mins to serve a single dish, worst service and management. Only thing which came on time was bill",3,Worst ever experience. The staff and management are inexperienced to run the restaurant. They should shut.,2
Butter - Bar & Kitchen,https://www.zomato.com/pune/butter-bar-kitchen-balewadi/reviews,Butter is my go-to no-brainer brunch place! I have been here so many times and literally every food item I've tried from the menu has been divine. 10/10 recommend to people looking for a nice classy vibe paired with supreme food!,5,service is too slow.,3,,,,,,
Tales & Spirits - Hunters Bistro,https://www.zomato.com/pune/tales-spirits-hunters-bistro-balewadi/reviews,Moodie Foodie,3,,,,,,,,
Springrose Restaurant And Banquets,https://www.zomato.com/pune/springrose-restaurant-and-banquets-wakad/reviews,"this didn't come from springrose restaurant. can't eat this, totally fake food",1,paneer was too bad. bad quality.overall food also too bad.,3,Service was very slow,2,,,,
Copa Villa,https://www.zomato.com/pune/copa-villa-pimple-nilakh/reviews,food was tasteless.cold food was delivered.very bad experience.i will never ever anything order from copa villa.total money waste.,4,The food taste and service time can be improved,3,,,,,,
De Lush Leaf,https://www.zomato.com/pune/de-lush-leaf-baner/reviews,"The food was delicious and it was worth the price. It's has a perfect blend for healthy food and munching snacks.
Sir Dnyanesh was extremely pleasing and gave the best recommendations to every choice.",5,"Loved the peaceful vibes at De Lush Leaf! The food is super fresh and flavorful ‚Äî we tried their Green Goodness Pizza and Banana Dates Smoothie Bowl, both were amazing. Bonus: they‚Äôve started canvas painting too, which made our visit extra fun and unique. Definitely a must-visit spot in Baner!",4,,,,,,
The Paraiso,https://www.zomato.com/pune/the-paraiso-hinjawadi/reviews,Sudhir jadhav has provided the best service,1,"Taste was good but order was very late around 25 minutes more than given time.
Not delivery partner's fault.
Food preparation took long time.",5,"Food tastes very good.
But food preparation takes significantly longer.
Order delivery was almost 30 minutes late due to that.",3,,,,
Midori Coffee And Eatery,https://www.zomato.com/pune/midori-coffee-and-eatery-1-baner/reviews,"Best place ever the food is amazing, everyone must try this.",5,"Had a lovely experience at Midori Caf√©! The wood-fired pizza was perfectly crisp and flavorful, the garlic bread was fresh and buttery, and the jaggery latte was a unique and comforting drink. The caf√© has a cozy vibe, and the staff was friendly and quick. A great spot to relax and enjoy good food ‚Äî definitely coming back!",2,,,,,,
Mekong Folks,https://www.zomato.com/pune/mekong-folks-balewadi/reviews,"We were a group of 8 who visited for dinner.
The food was extremely oily, despite us ordering a minimal and simple spread. Unfortunately, all of us started experiencing throat pain and stomach aches the very next day. This strongly suggests issues with food quality and hygiene. It was a highly unpleasant and concerning experience.",5,Shumona was our server and she was extremely polite. The taste of food and drinks was also really good,3,,,,,,
Bell Bottom Family Resto And Lounge,https://www.zomato.com/pune/bell-bottom-family-resto-and-lounge-hinjawadi/reviews,The chicken chilly and chicken crispy tasted of detergent powder.,4,"inedible, worst , no taste, no authentic preparation",3,,,,,,
Circle Of Crust,https://www.zomato.com/pune/circle-of-crust-hinjawadi/reviews,pizza was served cold.... taste was bad,1,Cold and bad taste,4,,,,,,
The Ruby Hilltop - Sunny's World,https://www.zomato.com/pune/the-ruby-hilltop-sunnys-world-sus/reviews,"This was my 4th Visit, but the quality of food has gone down. Hope this would be my last visit",1,yasim and suraj : thanks for wonderful service,5,Good quality of food. We tried BBQ Chicken Tikka & Fried chicken garlic rice. It was awesome. Good service by Yaseen.,4,"Great food, great ambience, very nice service. Great hospitality staff particularly Yaseen provided great n prompt service n nice suggestions",3,Excellent service by Yaseen. Food is very good.,2
Way Down South,https://www.zomato.com/pune/way-down-south-1-baner/reviews,,,,,,,,,,
Aromas Cafe & Bistro,https://www.zomato.com/pune/aromas-cafe-bistro-wakad/reviews,"exc e plenty food, great service dont miss it",1,"Very very slow service and we may not come again.
Food was served spicy twice despite telling non spicy",5,,,,,,
Masala Mehfil,https://www.zomato.com/pune/masala-mehfil-baner/reviews,The food is very tasty and as name says masala's are awesome. Quantity is very good and get good amount of chicken/mutton pieces in a dish,1,I ordered tomato soup and it was the worst soup I have ever tasted like too much salty I don't know feels like they've added ketchup or something. I couldn't drink more than 2 spoons,5,"Delicious Food & Great Vibes!

Masala Mehfil totally lived up to the hype! The food is packed with amazing regional flavors ‚Äì you can really tell they put love into every dish. Everything we tried was super tasty!

The place has such a nice vibe too. It‚Äôs stylish but still feels really comfortable, perfect for a chill dinner with friends or family.

And shoutout to the staff ‚Äì they were super friendly and helpful, made the whole experience even better.",4,"I am big fan of authentic food, i stay in balewadi baner side only it‚Äôs a perfect for me i was always looking for such vibe",3,"Last evening i visited masala mehfil was really good taste and variety on the menu was really nice. Must try Shahi Sabz Seekh Kebab and modak icecream.
Highly recommend it.",2
Hi On Chai,https://www.zomato.com/pune/hi-on-chai-expressway/reviews,"one of the worst pizzas we have ever had.
Pizza is not warm despite giving instructions.
pathetic food don't order from this restaurant",1,Really not a good place. Service is very poor and most people left the place because order was not fulfilled,4,,,,,,
Ruhmani By Hilton Garden Inn,https://www.zomato.com/pune/ruhmani-by-hilton-garden-inn-hinjawadi/reviews,food is good.. service is good.,1,"I would like to take a couple of points which has to be kept in mind

- It doesn't apply the offer for buffet through Zamoto
- Buffet variety is minimal, predominantly non-veg items - starters and main course
- The test is not up to the mark based on their 5-star hotel marking
- Price is too high - You can choose Barbeque Nation, it is the best option with more variety.
- There is a service person Aayush is very unprofessional way of talks as well.
-",5,Food and service were good. Ishaan was helpful in arranging food as per our choice for our baby,4,"Pathetic service to Zomato booking customers, we were expecting Good service from luxurious brands.",3,"Pathetic service. As a diamond member, I felt unwelcomed",2
Darshan,https://www.zomato.com/pune/darshan-baner/reviews,Shyam - Good Service,1,"Great service from Shyam !!
Will recommoned this place",5,Shyam service is good,4,Food was good and the service by Shyam bhaiya was superb.,3,Good service by shyam,2
Soy Affair,https://www.zomato.com/pune/soy-affair-baner/reviews,,,,,,,,,,
24/7 Gallery Caf√© - Hyatt Place,https://www.zomato.com/gallerycafepune/reviews,"Food was Ok, we liked few and some were average. Service by Chumki and another member was excellent",1,Food is as good as always,4,Food was Ok. Service and ambience good,3,food was stale and lack taste,2,,
Toast Office - by Soy Affair,https://www.zomato.com/pune/toast-office-by-soy-affair-baner/reviews,Good food and good ambience .. food was delicious,1,"A Hidden Gem You Must Visit! üåø‚òï

Recently visited this newly opened caf√© in Baner and I‚Äôm so glad I did! The food was absolutely delicious ‚Äî we tried the avocado toast and the spinach & mushroom omelette, and both were packed with flavor and beautifully presented. The ambience is warm, cozy, and thoughtfully designed ‚Äî perfect for a relaxed brunch or catching up with friends.

What stood out the most was the service ‚Äî so welcoming and attentive, it really made the experience even more special.

Highly recommend this place ‚Äî it‚Äôs definitely a must-go! Can‚Äôt wait to come back and try more from the menu! P. S. wish them to add nice coffee as well! that's the only thing we...read more",5,"Finally Baner now has a good breakfast spot! Food, service and the taste ü´∂üèª I think this is a new gem we didn‚Äôt know we needed. ü•û",4,"This is surely the perfect brunch spot in Baner. The place offers a great variety of English breakfast options ‚Äî from fresh salads to coolers and fluffy omelettes to buttery croissants served with baked vegetable and Paninis everything was just spot on!

The ambience is cozy, calm, and full of fresh, positive vibes. The attention to detail in both the food and the interiors truly enhances the experience. Great service, amazing taste, and top-notch quality ‚Äî definitely coming back again soon!",2,,
Atithi Veg,https://www.zomato.com/pune/atithi-veg-baner/reviews,below average food. not worth the money being paid. Never had worse daal than this.,5,,,,,,,,
Flo - The Brewing Club,https://www.zomato.com/pune/flo-the-brewing-club-hinjawadi/reviews,food and vibe was good. Staff members were also helpful especially vijay and yogesh.I definitely want to visit again.,1,nice service promodh,5,"Where do I start, I would say the Ambience, sound and culture is 10/10!
and one of my favourite Concierge is Bijay Prasad what a chill guy for chill place!",4,"Sham and Vijay made our experience even better because of their good service.

food is top class, ambience is excellent and guava craft beer is the best I had so far.",3,we were highly impressed by service from Atharva :),2
Bombay Culture The Cafe,https://www.zomato.com/pune/bombay-culture-the-cafe-1-wakad/reviews,"they have to improve alot.
food was ok.
they made it too spicy instead of giving prior instructions",1,"Ambiance can be improved, the price of food is quite high for the place",5,The food is amazing but the portion size and cost don't match,4,It is a good cafe. Love the food . Love the vibe here. I love their dumplings n mushrooms toasties.,3,,
The Green Spoon,https://www.zomato.com/pune/the-green-spoon-baner/reviews,superbbb food. taste awsome,1,amazing food and a must visit place for one and all with family for fresh and mouth watering delicacy.,5,"Worst Service, not recommended.",4,"Great fusion veg food, they ace Asian food. 10/10 would recommend to anyone who‚Äôs looking for a pure veg restaurant with a twist in the menu",2,,
Daily Dosa,https://www.zomato.com/pune/daily-dosa-hinjawadi/reviews,"Great taste

-Shiva",1,The taste here is good. Even the quality of the food is great.,5,Dosa is crunchy & sambar is spicy like us taste is maitain as per our requirement most recommended Thank you Daily Dosaüòã,3,,,,
Savour By Dadus,https://www.zomato.com/pune/savour-by-dadus-wakad/reviews,Dal makhani tasted as if it was burnt,5,Very good taste,4,,,,,,
Aloraa Garden Kitchen & Bar,https://www.zomato.com/pune/aloraa-garden-kitchen-bar-baner/reviews,"The food was average. Zomato displayed a 20% discount at the time of booking, but it was not applied during payment.",5,Raj was good in service,4,"Nayan Being the best !!Provided a good service!! Good ambience !! Good music!!
Peace to visit anyday!!",3,,,,
Shivlingam- The Sunny's World,https://www.zomato.com/pune/shivlingam-the-sunnys-world-lavale/reviews,Excellent Preeti Nikita shalu very good service,1,it's was excellent and it was so delicious food.,5,"Excellent Service, Good Food",4,Food is excellent,3,,
Poetry by Love and Cheesecake,https://www.zomato.com/pune/poetry-by-love-and-cheesecake-balewadi/reviews,Ahmad Razo good service,5,"experience was good
food 10/10
service 10/10
vibes 10/10
recommend specially cheese cake and omelets",4,,,,,,
Huber & Holly,https://www.zomato.com/pune/huber-holly-balewadi/reviews,amazing taste.,5,,,,,,,,
Panch-Sattva,https://www.zomato.com/pune/panch-sattva-balewadi/reviews,"A very authentic, fresh, tasty and welcoming experience. Do try this place without a miss.

The ingredients and preparation are very fresh and staff is nurtured with good values which actually reflects on their food. The pricing range is very good and bang for every buck you pay. For people looking for quality servings and are just in right mood to have an authentic south indian taste food with a variety of options, this is the right place. They do have a thali option which itself is a good way to explore their best flavours at once.

When I discussed further about the recipes with the owner i found those are actually from the books of her grandparents. So you‚Äôre getting it as an...read more",1,"Panch-Satva is one of the latest addition into the array of restaurants at Balewadi High Street. While Balewadi High Street is full of party places designed to attract young adults, Pancha-Sattva stands out as a unique destination for a family out. Serving vegetarian South Indian food, Panch-Sattva is the only restaurant in it's category at Balewadi High Street. Two wheeler and Four Wheeler parking available. I visited Pancha-Sattva with a friend on a weekend, Saturday morning for late breakfast. It is a small restaurant with indoor and outdoor seating. The indoor ambience can be defined as positive and vibrant. However, it seems to noisy and crammed on a busy day. Being a cool rainy...read more",5,service is too slow and taste needs to be improved the idli batter was sour.,3,"Very bad food, nowhere close to South Indian taste, no taste at all, in fact. Below average service not recommended.",2,,
Upsouth,https://www.zomato.com/pune/upsouth-4-wakad/reviews,the bhaji tasted like samber too much tomato flavour,3,food was not upto the mark,2,,,,,,
Cherie,https://www.zomato.com/pune/cherie-hinjawadi/reviews,"Awesome food ,nice ambiance
Thanks you jayesh for ur service",1,"Service, food and ambience was very comfortable and soothing. Rakesh was very helpful.",4,"the food was good and the service was fast, Rakesh was good with suggestions over dishes and service. overall Very lovely place",3,,,,
Pie and Pea Cafe & Bakery,https://www.zomato.com/pune/pie-and-pea-cafe-bakery-baner/reviews,"i loved the food and packaging, quantity was also good and great taste! would recommend!",4,Food very good ; timely delivery : perfect food and taste,3,,,,,,
Healthy Bee,https://www.zomato.com/pune/healthy-bee-wakad/reviews,soggy and tasteless food delivered that too in 1.5 hours,4,The food was average . didnt like it,2,,,,,,
Mocha & Mingle cafe,https://www.zomato.com/pune/mocha-mingle-cafe-2-hinjawadi/reviews,,,,,,,,,,
Aroma Rich Cafe,https://www.zomato.com/pune/aroma-rich-cafe-1-balewadi/reviews,"Visited Aroma Rich Caf√© recently and I must say ‚Äî it‚Äôs the perfect spot for anyone looking to enjoy good food in a peaceful, beautifully designed space. The ambience is warm, cozy, and work-friendly ‚Äî jazz music playing softly in the background, comfortable seating, and a lovely aroma of freshly brewed coffee lingering in the air.",5,,,,,,,,
Asia Seven ‚Äì Sizzling Chinese,https://www.zomato.com/pune/asia-seven-sizzling-chinese-wakad/reviews,today I visited phoenix mall I'll order asia seven wakad Combo meal chilli Garlic Rice üçö it's amazing Taste both dish service also fast do visit üòÑ again.,3,Stale food,2,,,,,,
Madrasi Raja,https://www.zomato.com/pune/madrasi-raja-baner/reviews,Good quality and excellent taste,1,"I ordered Rasam Rice and Idli Wada Sambar, but the experience was very disappointing. The rasam rice didn‚Äôt have any rasam with it, and the amount of sambar provided was not enough even for two idlis ‚Äî I couldn‚Äôt eat the wada at all. When I contacted the restaurant, they claimed that rasam and sambar were packed together, which doesn‚Äôt make sense.rasam and sambar are not the same.The food also didn‚Äôt taste good overall. Very poor quality and packaging. Not worth the money. not worth one star also",5,authentic south Indian food. loved it. with great packing and good delivery services,3,"Both idli and dosa did not taste fresh at all, it tasted stale, white chutney has huge chunks of coconut in it. Sambhar is bad.

Ordered first time, didn‚Äôt had a good experience.",2,,
Cafe Durga,https://www.zomato.com/pune/cafe-durga-punawale/reviews,,,,,,,,,,
Regal Cakes And Bakers,https://www.zomato.com/pune/regal-cakes-and-bakers-hinjawadi/reviews,"very bad taste, quality wise and quantity wise too bad to deal.
if this would have been offline, i will never prefer to buy from this brand",1,"received wrong order and missing items
very bad packaging and bad service",4,,,,,,
"Frozen Bottle - Milkshakes, Desserts And Ice Cream",https://www.zomato.com/pune/frozen-bottle-milkshakes-desserts-and-ice-cream-hinjawadi/reviews,taste is awful. not happy at all.,3,,,,,,,,
Baithack - Taste Of Kulhad,https://www.zomato.com/pune/baithack-taste-of-kulhad-wakad/reviews,,,,,,,,,,
The Urban Belly,https://www.zomato.com/pune/the-urban-belly-wakad/reviews,"worst shwarma ever. worst taste, packaging, portion",3,"the ambience is good ,and staff is friendly as well.
food is good",2,,,,,,
Kiosk Kaffee,https://www.zomato.com/pune/kiosk-kaffee-1-balewadi/reviews,"It was just an ordinary taste coffee, not at all as an Capachinno",3,"not worth the price, java chips were less, quantity is also less for the price, no taste at all",2,,,,,,
Street Foods By Punjab Grill,https://www.zomato.com/pune/street-foods-by-punjab-grill-wakad/reviews,,,,,,,,,,
Wasabi 15,https://www.zomato.com/pune/wasabi-15-hinjawadi/reviews,tasted horrible. have had this dish previously and like it but tasted completed different and off this time,5,"really Disappointed, the fettuccine was really dry and paneer curry was nothing but food color",3,,,,,,
Hotel Sanket Inn,https://www.zomato.com/pune/hotel-sanket-inn-wakad/reviews,"First thing is when we entered the restaurant they informed us this restaurant accepts Zomato dining pay option. We ordered our foods and specifically told them to make some of the starters spicy, the waiter even told yes we'll do that. The Butter Naan which were ordered was not even having butter on them. Coming to the starters it was not spicy at all rather all were sweeter. Later when we asked why isn't it spicy the utter reply of the waiter was these starters can never be made spicy at all, Why can't you people tell that in first place???, Instead you told yes we will make it spicy. Next we had some 7up and mirinda juice which was labelled as mrp 40-45. When they gave the bill, it was...read more",1,There is nothing which I didn't like at Sanket barbeque. This place is like a hidden Gem. Scrumptious Buffet spread. Staff is prompt. Should re visit for more,3,Food and staffs were good and cooperative. Need to work on serving part as the starter serving service was late. Dhananjay was very cooperative and polite.,2,"Good place, but need to work out on service part.
Food service time is more . But staff is attentive they match up it.
Chicken Angara kebab was great it was juicy & properly cooked.",1,,
Desi Eats,https://www.zomato.com/pune/desi-eats-wakad/reviews,"The food quality is consistently outstanding, exceeding my expectations every time and completely impressed with their professionalism.",5,Homestyle meal with great taste,4,,,,,,
Cafe Love Lock,https://www.zomato.com/pune/cafe-love-lock-dange-chowk/reviews,customizable food,1,Very best cafe in pcmc bet test bset food quality,3,,,,,,
Ajinkya Executive,https://www.zomato.com/pune/ajinkya-executive-expressway/reviews,fresh food,1,Low rate Drink and real Food,3,fresh food,2,customizable food,5,fresh food,3
Portico - Sayaji Hotel,https://www.zomato.com/pune/portico-sayaji-hotel-wakad/reviews,"I prefer going to Portico because the food has been great in the past. but lately, the service has been downgraded. the plates are not stocked on time. the chef and waiter are seen arguing while the customers are on the counters. if you ask for glass or bowl while at the counter, they hardly acknowledge and then make you wait while they are busy with something else. the quality of food was not upto the mark. the veg and non veg buffet costs the same which seems too much for the vegetarian to be paying for. at the entrance lobby, they have a sign that says no tipping with the note that you don't tip your close ones.. and the irony is that they add service charge to the bill. Isn't that the...read more",1,"Recommended, food is delicious and staff humble on service.",5,Good service by Harshal and Rohan,4,Food packaging,3,,
Coconut Chutneey - The South Canteen,https://www.zomato.com/pune/coconut-chutneey-the-south-canteen-2-balewadi/reviews,the thing with takeway is - there is no one to check or complain about food quantity. I had ordered through phone for takeway- and compare this to when I had dined at the restaurant - the portion size reduced by 40‚ÑÖ on takeway food. For parcel they charge extra for additional chutney - and what you get normally with each dish is very little. The other thing is if they reduced the portion size while dining it won't look good - because the rest of the crowd notices and judges the food qty,1,"best South Indian food. upma was awesome. even test of sambar red chutney green chutney was awesome. the test of dosa and idli potato subji.. were awesome.
first time I feel on zomato it is a home cooked food",5,"This is my go to place for having south indian food. Very tasty , good hygiene, they offer wide variety and filter coffee is must try. Highly recommended for authentic south indian.",2,,,,
Sahyadri Veg And Non Veg,https://www.zomato.com/pune/sahyadri-veg-and-non-veg-dange-chowk/reviews,Best home made style maharashtrian taste food. But I was expecting bhakri instead of tandoor roti. Pls charge little extra but serve bhakri. People will pay. Rest all Gud,2,"Veg food and non-veg food both are very tasty food, you can taste it once.",1,,,,,,
Malgudi,https://www.zomato.com/pune/malgudi-wakad/reviews,"Food was really yummy and delicious, their tiffin thali is definitely a hit ! Also beverages like butter milk and coffee are must ones to try",3,,,,,,,,
Fried Chicken Destination,https://www.zomato.com/pune/fried-chicken-destination-hinjawadi/reviews,tastes shit,3,,,,,,,,
Hotel Shivprasad Veg - Nonveg,https://www.zomato.com/pune/hotel-shivprasad-veg-nonveg-pashan/reviews,Good food amazing service,2,Good food and ambience,1,Good staff,4,,,,
Elephant & Co.,https://www.zomato.com/pune/elephant-co-baner/reviews,"It was a great experience, Tej our server was very attentive and the service was very quick. Great ambience for a date and a get together with friends ‚ù§Ô∏è",4,good service by rohit,3,Great service by rohit,2,,,,
OarameHa's Cake Shop,https://www.zomato.com/pune/oaramehas-cake-shop-3-wakad/reviews,,,,,,,,,,
DSK Cafe & Snack Center,https://www.zomato.com/pune/dsk-cafe-snack-center-hinjawadi/reviews,Rice was uncooked ..Bekar food .. Cow bi na khaye,4,"usually the taste is good, but today I ordered online and really hated the packaging",1,,,,,,
Bird Valley EXPRESS PURE VEG,https://www.zomato.com/pune/bird-valley-express-pure-veg-hinjawadi/reviews,"taste was very sweety didn't liked
not value for money",1,"If you're looking for a quick, satisfying, and delicious vegetarian meal, Bird Valley Express Pure Veg is the place to go!

I recently visited and tried their dosa and sandwiches, and I must say ‚Äì I was thoroughly impressed!
Dosa ‚Äì Crispy, golden, and perfectly spiced! The dosa was served fresh off the pan, accompanied by flavorful chutneys and sambar that hit the right notes. Whether it's the classic masala dosa or something more adventurous, every bite was authentic and fulfilling.

Sandwiches ‚Äì Fresh, crunchy, and loaded with taste! From grilled to cold sandwiches, the flavors were spot on and the ingredients felt premium. Ideal for a light",5,,,,,,
Opera House,https://www.zomato.com/pune/opera-house-wakad/reviews,,,,,,,,,,
The Lassi Corner,https://www.zomato.com/pune/the-lassi-corner-hinjawadi/reviews,"Ordered Aloo Tikki Burger and Chilly Garlic Potato Bites and absolutely loved it! The burger was cheesy and flavourful and the chilly bites were crispy with spicy masala. Packaging was very neat and hygienic. Great taste , great value for money!Highly Recommend. Also tried their Lassi and Ice Teas, that were also good and refreshing",1,The pasta was very good in taste. The crispy corn is awesome of all.,3,,,,,,
Smoothie House,https://www.zomato.com/pune/smoothie-house-2-balewadi/reviews,Quantity was very less and taste was okay okay,1,"bagel ka taste acha laga, aur jaga kafi achaa hy, staff is friendly aur services is excellent.",5,"I've ordered #Mango King, Smoothie Bowl ,very fresh & taste is also delicious, ambience is superb ü•≥ü•≥ neat and clean, good space for a sitting area and good service.",4,I tried. smoothie bowl very healthy and good packaging and service,3,,
Akasa Poolbar & Kitchen,https://www.zomato.com/pune/akasa-poolbar-kitchen-wakad/reviews,Bhuvan goswami was a good host n service partner,1,"The poolside seating is the highlight ‚Äî whether you want to chill with friends or celebrate something special, it gives you a resort-like feel without leaving the city. Music was upbeat but not overpowering, and the staff was courteous and attentive.",5,"One of the best places in pune to experience a great poolside cool ambeince.
The food is good too,you can surely visit for a different experience!!",4,"Absolutely loved my experience at Akasa! The restaurant has a beautiful, serene vibe with stunning poolside seating and lush greenery all around. It‚Äôs the perfect blend of nature and luxury. The views are amazing ‚Äî especially around sunset! üåÖ

The food was delicious, beautifully presented, and full of flavor. Whether you're here for a romantic dinner or a peaceful brunch, Akasa is a must-visit. Great ambiance, great food, and a truly relaxing escape.",3,Very polite handling and fast service by Pushkar.,2
Apache High Street,https://www.zomato.com/pune/apache-high-street-baner/reviews,The place has an amazing vibe and great food!!!! Vimal Singh was really cooperative and great service!!!!,5,Good staff n great service,4,"the service was great, everyone is very fridenly and fun place. Vimal singh was our table assistance and he was very friendly.",3,Great service and ambience,2,,
Wagh Bakri Tea Lounge,https://www.zomato.com/pune/wagh-bakri-tea-lounge-wakad/reviews,Poha very bad taste. Not eatble,4,,,,,,,,
Blue Tokai Coffee Roasters,https://www.zomato.com/pune/blue-tokai-coffee-roasters-wakad/reviews,There is something odd about the taste of coffee from blue tokai.Not that good for coffee although food is okay,5,,,,,,,,
G Sardar G Da Dhaba,https://www.zomato.com/pune/g-sardar-g-da-dhaba-wakad/reviews,Tasty food,3,Good Taste and Quality of food. Better than most high end restaurants around. Must try Paneer Patiala,2,,,,,,
Crown Pizza,https://www.zomato.com/pune/crown-pizza-2-hinjawadi/reviews,,,,,,,,,,
Cake Choice Multi Baker's & Confectioner's,https://www.zomato.com/pune/cake-choice-multi-bakers-confectioners-hinjawadi/reviews,,,,,,,,,,
Cake Way,https://www.zomato.com/pune/cake-way-hinjawadi/reviews,"Please don‚Äôt order from this store, they serve expired food product. Zomato do not recommend this store to any customer",3,"cake was okay in taste.
not great
The delivery experience is not good, a little bit damaged cake received üòï",2,,,,,,
Inventree Hotel,https://www.zomato.com/pune/inventree-hotel-hinjawadi/reviews,,,,,,,,,,
Shivneri Vada Pav - Misal House,https://www.zomato.com/pune/shivneri-vada-pav-misal-house-baner/reviews,,,,,,,,,,
Street Coffee,https://www.zomato.com/pune/street-coffee-sus/reviews,,,,,,,,,,
Walnut Cafe & Restaurant,https://www.zomato.com/pune/walnut-cafe-restaurant-punawale/reviews,"that veg sabji was getting decomposed
how do u send it ?????
smells bad and taste is shit",3,"Excellent food, highly recommended!!!",1,,,,,,
Costa Coffee,https://www.zomato.com/pune/costa-coffee-wakad/reviews,"Nice experience
Best food & service",1,so lame and dull taste,5,Staff served unfresh and cold rool and sandwiches at airport branch costa,3,,,,
Ajinkya Restaurant,https://www.zomato.com/pune/ajinkya-restaurant-hinjawadi/reviews,,,,,,,,,,
Hotel Gangasagar,https://www.zomato.com/pune/hotel-gangasagar-lavale/reviews,,,,,,,,,,
Fluid Lab,https://www.zomato.com/pune/fluid-lab-pimple-nilakh/reviews,,,,,,,,,,
Heartbeat Cafe Corner,https://www.zomato.com/pune/heartbeat-cafe-corner-hinjawadi/reviews,,,,,,,,,,
Street Plaza,https://www.zomato.com/pune/street-plaza-sus/reviews,,,,,,,,,,
Carbon,https://www.zomato.com/pune/carbon-baner/reviews,,,,,,,,,,
Fish Express,https://www.zomato.com/pune/fish-express-sus/reviews,,,,,,,,,,
Saundarya Garden,https://www.zomato.com/pune/saundarya-garden-wakad/reviews,good food,1,good taste,2,,,,,,
MoMo Cafe - Courtyard By Marriott,https://www.zomato.com/pune/momo-cafe-courtyard-by-marriott-hinjawadi/reviews,Food is below average,5,,,,,,,,
The Boho House Cocktail Bar,https://www.zomato.com/pune/the-boho-house-cocktail-bar-balewadi/reviews,Food was amazing recommend sushi and croissant sandwich,1,Food wasn‚Äôt that good. We ordered pasta which was half cooked. Even the place wasn‚Äôt well lit.,5,The ambience was amazing and staff was very friendly,4,,,,
Yokoso - The Bake House,https://www.zomato.com/pune/yokoso-the-bake-house-wakad/reviews,There was a small piece of plastic in the food.,1,received another cake instead of what I ordered and the taste was very bad. there was some kind of muddy taste in it,5,"It's not how I expected it to be after reading the reviews. Slightly disappointed, a little too sweet for my tastebuds and it wasn't as fresh. It wasn't bad but I've had better cheesecakes. Sorry Yokoso I was expecting something spectacular",3,,,,
Brew Merchant,https://www.zomato.com/pune/brew-merchant-baner/reviews,"good food, good ambience, super duper service, they have good options in draught beer.
sufi band night was fantastic.
very good place to recommend your friends.",1,"best place to hangout with your friends or family,
they serve delicious food in town with good service, good ambience and with live band.
I highly recommend to visit this place.
this place will be going to my second home now.",5,amazing ambience,4,Taste was not at all good of any dish ordered.. service is too slow.,3,"Brew Merchant Cafe is an absolute gem! The food is consistently excellent‚Äîfresh, flavorful, and beautifully presented. The ambience is cozy yet vibrant, making it a perfect spot to relax or catch up with friends. One of the highlights is their live events every Saturday, which bring great energy and a unique charm to the place. Whether you‚Äôre a regular or visiting for the first time, Brew Merchant Cafe never disappoints!",2
Anna Idli,https://www.zomato.com/pune/anna-idli-expressway/reviews,,,,,,,,,,
Ashoka Restaurant,https://www.zomato.com/pune/ashoka-restaurant-dange-chowk/reviews,Starters are the best if you are ordering at home with alcohol. Nothing comes close to the price and the taste ofcourse,2,Taste not good,1,,,,,,
Gong,https://www.zomato.com/pune/gong-baner/reviews,This is a must visit place for Pan Asian food lovers :),5,Awesome food and mind-blowing service professionals !! I highly recommend this place to go,4,Shiva was a great host. the food was amazing,2,,,,
Third Wave Coffee,https://www.zomato.com/pune/third-wave-coffee-wakad/reviews,,,,,,,,,,
Cakeman,https://www.zomato.com/pune/cakeman-hinjawadi/reviews,,,,,,,,,,
Baithack Taste Of Kulhad,https://www.zomato.com/pune/baithack-taste-of-kulhad-hinjawadi/reviews,Delicious food delivered. Shake was very yummy.,1,Cheese Burst Pizza is really yum. Masala Fries had perfect taste. Cold coffee is the best I have had. Great taste :),3,,,,,,
DVG Benne Dosa,https://www.zomato.com/pune/dvg-benne-dosa-hinjawadi/reviews,"Ordered Idli,medu vada,Upma.All this dishes
were very tasty,flavourful. Authentic South Indian taste.
But the green chutney was not up to order.
Very hot too much green chilly and Pudina was in it.
Also tomato chutney was not up to order.
Smelling as if it is stale and",1,"really cheap packaging for chutney sambar. mediocre taste, what a waste of money",4,cold food served,3,,,,
Seoul Jib,https://www.zomato.com/pune/seoul-jib-expressway/reviews,Best authentic Korean food.,1,amazing and very authentic food. ingredients and the flavours here are unmatched by any wannabe asian restaurants in Pune. the people here are quite polite and even help you park your car.,5,"Hands down the best Korean food in Pune. Even though it's on the expensive side, the taste and the food portion is incredible. Simply love the Bulgogi, Kimchi Stew, Kimbap, Gyerran Jim.",4,"I have been coming here for 2-3 years now but the food this amazes me.. The ambience, the food and owners as well are all so good. It serves you authentic korean food which tastes delicious. I totally recommend this place.",3,"You can always have a good time at this place. Serving one of the most authentic Korean foods you can find this place stands out, not just in its food but also infrastructure. While passing by the highway you are surely to catch their billboard that they have in the top of their building. This place, apart from being a restaurant, also serves as a lodge for Korean expats. (You can definitely identify them by the variety of SUVs parked ü§´) If lucky, some Ajusshis might strike up a conversation with you.
Apart of serving delicious meals on your dining table, the way they conclude their meal is exemplary. A slice of cut fruit (melon/pear/papaya) reminiscent of motherly love and a cup of...read more",2
Rio Kitchen & Bar,https://www.zomato.com/pune/rio-kitchen-bar-1-hinjawadi/reviews,Excellent service by Tularam,1,Tularam provided service excellence and was happy for it,5,Tularam superb service!!,4,Tularam was great with the service,3,"We visited Rio Hinjewadi on a Saturday night with a group of 11 people, expecting a fun night out. Despite the place being almost empty, the staff refused to accommodate us on any of the available larger tables near the dance floor. Saying they don‚Äôt allow joining tables near dance floor. Instead, initially they gave us a table meant for 6, with one small table forcefully attached ‚Äî definitely not enough for 11 people to sit comfortably. Later on somehow we asked them to give us one larger table in front of their dance floor.

Still, we let that slide and went ahead to enjoy the evening. We ordered a lot ‚Äî our bill crossed ‚Çπ20,000 ‚Äî but the food was just average, nothing...read more",2
Spice Factory,https://www.zomato.com/pune/spice-factory-hinjawadi/reviews,Full of taste love to try again..,3,,,,,,,,
Boulevard - The Orchid Hotel,https://www.zomato.com/pune/boulevard-the-orchid-hotel-balewadi/reviews,The pasta is pathetic. The food in general is pathetic too. Don‚Äôt have food here. I also found a mosquito once in the sambar. Think about this before having food here,1,Food was okay not great. All items tasted same but they billed me 1999 per person for the dinner buffet as opposed to the rate I had enquired was 1399 due to Kahan and Biriyani festival. There normal rate mentioned in Zomato is 1299 for dinner buffet,5,"Ambience is Good
There are 1 waitress who ruined the evening
She is much eager to take the order , untill you order she will stand next to you even wont serve water.
The moment we utter a word she say order place now tel next thing.. This type of behaviour was not expected in Orchird.

Later after complaining the other staff changed our location n served properly with proper hospitality.

Food i will say is Ok , not much options for veg ,
overall avg experience , These type of people should not become or should not face customer directly.",4,"Dined for buffet. Professional service and nice ambience. Overall, the food was great too.

Starter - Cheese balls and Kebabs were delicious, non veg was tasty as well however Paneer 65 was not good (spongy, greasy and coated with mustard seeds).

Main course - All were yummy

Dessert - A wide range of selection and all were just fine. Not too sweet, not bland. Just perfect.

Sides - garlic bread, tortila chips, hummus, everything was pristine.

Service - 5 star",3,Good service and courteous,2
Starbucks Coffee,https://www.zomato.com/pune/starbucks-coffee-expressway/reviews,,,,,,,,,,
Ishaara,https://www.zomato.com/pune/ishaara-wakad/reviews,Deva was very courteous and friendly. The ambience and food were awesome.,1,Deva provided excellent service,5,Great service by Pravin Suryawanshi,4,Pravin Suryawanshi Delicious Food and great ambience,3,Sagar Jadhav and Pravin suryawanshi served as very well. overall liked the service of restaurant.,2
Copper Chimney,https://www.zomato.com/pune/copper-chimney-1-wakad/reviews,Wonderful food. Great service.,3,Food and service is very good,2,,,,,,
Spice Nation,https://www.zomato.com/pune/spice-nation-hinjawadi/reviews,food was good in test and also quantity was good,2,,,,,,,,
K Rock Resort & Restaurant,https://www.zomato.com/pune/k-rock-resort-restaurant-hinjawadi/reviews,"nice place
good food
good service",5,so great good and service by abhishek mishra,4,,,,,,
Hyderabadi Laziz,https://www.zomato.com/pune/hyderabadi-laziz-wakad/reviews,"best authentic biryani
chicken is fresh and well cooked and taste is so awesome",4,,,,,,,,
Ava Artisan Kitchen & Bar,https://www.zomato.com/pune/ava-artisan-kitchen-bar-1-balewadi/reviews,food was very good taste was excellent and service was also nice pranati was superb,1,Amazing food and excellent service,5,"Worst place to go with family. Rude staff, very unprofessional. Do not know the manners of attaining customers. I would recommend not to go here.",4,Great food! Best service we have experienced in a while. The staff was so keen and observant to our needs. Coriander chilli garlic prawns are a must try.,2,,
Circuit House,https://www.zomato.com/pune/circuit-house-balewadi/reviews,"Nice ambience and service was also good by Narayan.
Overall a good experience",1,"Had mutton ghee roast and butter chicken, very good food. very good service by Narayan..staff very helpful and polite.",4,"Valet was very rude. He denied to take car even though there were 3 people present. They had no idea how to talk to guests.. ready to fight
Food was fine but the overall experience was pathetic because of this incident. No one really cared to even be bothered about it",3,"Narayan and the staff has great service, food‚Äôs great and overall a good ambiance",2,,
Hotel Vishwanath Palace,https://www.zomato.com/pune/hotel-vishwanath-palace-wakad/reviews,restaurant is good but food which I ordered it was worst dosa sholud have been crispy but it was not so online order is waste of money,1,"very oil.......bad food...quality west money's don't order..

315 very high price only 4 picesc, also heavy oil and food not good.....bad experience........",3,I have requested for less oil mushroom biryani and you send me oily mushroom biryani...also cook made mistake while ready they send less oil soup...who use more oil in soup...taste is good for both soup n biryani the only thing is what i have requested was not followed,2,,,,
Nourishing Farms,https://www.zomato.com/pune/nourishing-farms-hinjawadi/reviews,,,,,,,,,,
Nieesh,https://www.zomato.com/pune/nieesh-wakad/reviews,"Agro from out of Pune, enjoyed food very well with the ambience and the friendly Service, especially by Mr Joy",1,"Absolutely fantastic experience at Nieesh
The non-veg dishes were full of authentic Indian flavors-perfectly spiced,rich,and delicious the service was truly exceptional-staff were attentive,friendly,and made us feel welcome from the moment we arrived everything was served promptly and with care highly recommended for anyone looking to enjoy quality Indian cuisine with top-notch hospitality ‚≠êÔ∏è‚≠êÔ∏è‚≠êÔ∏è‚≠êÔ∏è‚≠êÔ∏è",4,"The food and drinks were amazing! Our server- Joy, was very polite and helpful.
Great experience!",3,,,,
Pizza Hut,https://www.zomato.com/pune/pizza-hut-baner/reviews,,,,,,,,,,
Copa Cabana,https://www.zomato.com/pune/copa-cabana-pimple-nilakh/reviews,service staff specially the captains are utterly rude and in a very wrong attitude which as a client we cannot take it,4,"Highly recommended for food, ambience and vibe",3,,,,,,
Big Bean Cafe,https://www.zomato.com/pune/big-bean-cafe-wakad/reviews,,,,,,,,,,
Shravya Misal,https://www.zomato.com/pune/shravya-misal-1-hinjawadi/reviews,It was like chilly water with hardly any taste,4,Average taste not much spicy,3,,,,,,
Sante Spa Cuisine,https://www.zomato.com/pune/sante-spa-cuisine-baner/reviews,the rajma was stale.....just a day ago I had ordered and the food was damn good so ordered the same today as well but the rajma was utterly stale..... complete waste,5,,,,,,,,
Makaira Kitchen & Bar,https://www.zomato.com/pune/makaira-kitchen-bar-wakad/reviews,"Awesome Place, tasty food and good offers
we ordered Paneer tikka and Son of dragon, taste is amazing",1,Awesome food and music. One of the finest place to visit for fine and dine ‚ô•Ô∏è,5,The service and the food both were great. Also the mocktails are really good. Mr. Sanjit was such a sweet person who served us with his service ‚ò∫Ô∏è,4,"Overall a nice experience I went on a friday night with family so the order arrived late but it was delicious. I would recommend visiting once . Ambience is also good

The only thing which i personally didn't like was the song level which was too high other than everything was good",2,,
We Idliwale Mini,https://www.zomato.com/pune/we-idliwale-mini-baner/reviews,wada was quite burnt and idli was tasteless,2,,,,,,,,
Lost Recipes,https://www.zomato.com/pune/lost-recipes-wakad/reviews,Every thing was tasteless and not even fresh,2,,,,,,,,
Subway,https://www.zomato.com/pune/subway-balewadi/reviews,Poor food in picture the food was different,5,"Bad packaging sandwich was too cold to eat taste was okay, okay",3,,,,,,
Coffee And More,https://www.zomato.com/pune/coffee-and-more-hinjawadi/reviews,We often order Bulgogi ramen from coffee and more and it's their best ramen but now they have stopped serving egg with and taste has also changed. Also chicken chilli was just full of star anise flavour.,4,,,,,,,,
Independence Brewing Company,https://www.zomato.com/pune/independence-brewing-company-1-balewadi/reviews,food is average . somewhere the place has lost its sheen and charm,1,Excellent food and service,4,Gonesh ..great service,2,,,,
Sai Sagar Pure Veg,https://www.zomato.com/pune/sai-sagar-pure-veg-wakad/reviews,"medhu vada is awesome very crispy after delivery also
sambhar is good in taste",5,,,,,,,,
Indian Darbaar Pure Veg,https://www.zomato.com/pune/indian-darbaar-pure-veg-baner/reviews,"Wrong food delivery. I ordered mini thali and i got 3 nan and sabji. Disappointed., Do how it can be fixed. I demand full refund.",4,,,,,,,,
Theobroma,https://www.zomato.com/pune/theobroma-balewadi/reviews,,,,,,,,,,
Tanjore Coffee House,https://www.zomato.com/pune/tanjore-coffee-house-4-hinjawadi/reviews,sambar rice very worst and taste very poor.,4,"I ordered food from Tanjore Cafe today on Zomato, the white chutney was stale. Sambhar was extremely watered down. Wada was highly fermented and soft like it was made days ago. Highly disappointed with the food.",3,,,,,,
Cafe Buddy‚Äôs Espresso,https://www.zomato.com/pune/cafe-buddys-espresso-wakad/reviews,just went for coffee but ended up with hot chocolate it was really smooth and rich in taste ordered for garlic bread but was disappointed by the taste . it's a quite and cozy place perfect for couples.,1,"Taste was normal. We went for the first time. But they really need to look into hygiene a lot. We found (Pubic Hair) in the white sauce pasta. It was such a pathetic experience. Also when we have highlighted the complaint, instead of accepting the mistake, they were telling us that the hair might come from outside. That means they were blaming on us. This people really needs to improve their customer dealing process. Also they charged the amount of that item. Seriously will never want to come back to this place.",5,Service is not quick and bread was hard. Taste wise not good. Mohito we tried that was not worth. Manit tikka pizza was not good,2,,,,
Nawab Asia,https://www.zomato.com/pune/nawab-asia-1-baner/reviews,food was good and Mr Yogi provided nice service .,4,food was bad. speacially punjabi main course... salty,2,,,,,,
Kitful Cafe,https://www.zomato.com/pune/kitful-cafe-hinjawadi/reviews,Packaging was too bad. Food was spilling over the packet,1,taste is very nice,3,,,,,,
K.K's Cafe,https://www.zomato.com/pune/k-ks-cafe-sus/reviews,Desi Foodie,1,Delicious food. Go to place,3,,,,,,
La Pino'z Pizza,https://www.zomato.com/pune/la-pinoz-pizza-wakad/reviews,pizza taste was very bad....its looks like a dry chappati . i wouldnot going to buy again,5,,,,,,,,
Omaha Veg,https://www.zomato.com/pune/omaha-veg-pimple-nilakh/reviews,"Great food taste, quality & service.Must come here with your family",2,,,,,,,,
Shri Martand Misal House,https://www.zomato.com/pune/shri-martand-misal-house-hinjawadi/reviews,Small hole in the wall place but awesome misal. If you are looking for a healthy options then may not be the right place but taste wise it was super. The tumbler of misal gravy was crazy. Solkadhi was also quite refreshing.,2,,,,,,,,
GaramTawa Bistro & Herbal Cafe,https://www.zomato.com/pune/garamtawa-bistro-herbal-cafe-balewadi/reviews,they give amazing Jain food. I'm totally in love with all the items that I've tried,3,"I have ordered multiple times, but this time, pasta was so bad, tasted like wheat, very bad taste.",2,,,,,,
Salad Tub,https://www.zomato.com/pune/salad-tub-1-baner/reviews,,,,,,,,,,
Cafe Cues & Cushions,https://www.zomato.com/pune/cafe-cues-cushions-dange-chowk/reviews,Very bad taste. Chicken is bad too. Not at all good. Unhappy with the taste.,2,,,,,,,,
Thikana,https://www.zomato.com/pune/thikana-hinjawadi/reviews,Kamal was good at service,1,Good service by vishal,5,Kamal was great at service,4,"Worst services like slow delivery times, inattentive staff and also lack of professionalism",3,"Good Food , Very Nice service by Kamal",2
FML - Food Music Love,https://www.zomato.com/pune/fml-food-music-love-hinjawadi/reviews,Good service,1,Met satya in fml was serving a quality service,5,"the place was good and service also good , food avarage",4,very nice ambience and staf is very kind specially pradip,2,,
Mahesh Dining Hall,https://www.zomato.com/pune/mahesh-dining-hall-expressway/reviews,,,,,,,,,,
Pizza Diaries,https://www.zomato.com/pune/pizza-diaries-hinjawadi/reviews,,,,,,,,,,
Publiq,https://www.zomato.com/pune/publiq-wakad/reviews,"great service, decent ambience and the music was also good. a place which you can def visit and give a try",3,"Most disgusting place to be in Pune
Neither the service nor the food is upto standard
Moreover the people are bossy and makes you pay unwanted money inspite getting the cover charges
The managers are like local goons of the place and not ready to listen anything beyond their arrogance
I personally feel this place is just to fool people and lootify people
Highly disappointed with this Zomato Service",2,,,,,,
Tea Post,https://www.zomato.com/pune/tea-post-mahalunge/reviews,"thanks for serving so early morning . portion size is good for the price as per request you didn't put any chilles or hot sauce ( appreciate that and thanks once again) but the sandwiches and wrap lacked just a pinch of salt. .. otherwise good...wrap has a scope of improvement...it had too much raw tomato and onion...could include other julien cut veggies. the garlic bread tasted like plain bread butter....fresh though.....veg puff was average. even though outer layer was fresh n crisp but the stuffing was average
overall..i m satisfied with the service and food quality, portion, and pricing......will order again .and recommend too.
thanks for your service.",3,,,,,,,,
Buzz - Vivanta Pune,https://www.zomato.com/pune/buzz-vivanta-pune-hinjawadi/reviews,"Food was amazing. impeccable.
service was prompt and positive.
did not have vallet parking, had to park on my own (although within their premises itself)
ambience wasn't the best, but also not bad.",1,"We went for their Sunday Brunch. To our disappointment it was mere lunch, but at a higher price since it was named Brunch. The spread clearly lacked 4-5 dishes, which is terrible. We loved the ambiance and service but food clearly missed the mark.",2,,,,,,
Sandwich Express,https://www.zomato.com/pune/sandwich-express-baner/reviews,"burnt food
overgrilled item delivered without proper check",3,"Unfortunately spicy, whilst eat the only flavour we could taste was of the sauce",2,,,,,,
Kerala Cafe,https://www.zomato.com/pune/kerala-cafe-1-baner/reviews,"Chicken is like raw meat, not cooked well. Day by day food is getting worst.",5,Chicken Roast was awful and bitter. Every bite was a chore to taste. Hopefully my health doesn't get affected. My dinner was further ruined with Chicken 65 with bones. It barely had any meat. The only redeeming dish was the custard. Overall awful for the price you pay but definitely has potential to be better.,2,,,,,,
Kasturi Family Restaurant,https://www.zomato.com/pune/kasturi-family-restaurant-hinjawadi/reviews,"The staff has an attitude that's not polite. Especially if they think you don't understand Hindi or Marathi properly. The supervisor and cashier just faking to take action but no change instead the server, again show attitude as if they are doing any favour.",2,Food was too much salty,1,,,,,,
Cafe +,https://www.zomato.com/pune/cafe-1-hinjawadi/reviews,please don't you this roti in roll it tastes very bad there is no taste in pasta also,5,,,,,,,,
Saoji Wowji,https://www.zomato.com/pune/saoji-wowji-1-sus/reviews,awesome food,5,awesome food as always,3,,,,,,
Cafe Bay Leaf - Ramada Plaza,https://www.zomato.com/pune/cafe-bay-leaf-ramada-plaza-balewadi/reviews,uncoporative staff,2,slow service,3,cheap food,1,"Pathetic food. They messed up everything in the buffet. The manager Krishnendu, is extremely rude and disrespectful. The chef can‚Äôt cook. They couldn‚Äôt cook home style chicken curry or Goan Fish curry. Burnt Angara Chicken and uncooked grilled chicken.",2,courteous staff,1
Sreca Rooftop Lounge,https://www.zomato.com/pune/sreca-rooftop-lounge-pimple-nilakh/reviews,"Food was good, but chicken tikka was more sweet than expected",5,Grossly overpriced food. The menu is likely rigged for Zomato dining pre booked customers?,4,Sweet food test for every dish and beers are too much expensive,3,,,,
Crazy Cheesy,https://www.zomato.com/pune/crazy-cheesy-wakad/reviews,Food was very cold and delivery also delayed,4,,,,,,,,
Chefys Pizza,https://www.zomato.com/pune/chefys-pizza-hinjawadi/reviews,timely service,2,Went with friends to this place and turned out to be quite a long wait. Place has two levels. But waiting to be expected on weekends. Food is very good though. Try their chicken peri peri¬†pizza¬†and chicken BBQ¬†pizza. Garlic bread is nice too. Go for it,5,,,,,,
Baker's Basket,https://www.zomato.com/pune/bakers-basket-balewadi/reviews,,,,,,,,,,
Signature Kolkata - Home Style Bengali Kitchen,https://www.zomato.com/pune/signature-kolkata-home-style-bengali-kitchen-wakad/reviews,This outlet is located inside a chowpatty. The food is quite average. The mochar chop unfortunately had no flavour of mocha in it. It tasted good enough to be called a vegetable chop instead. The paneer kosha was quite tasty though. We ended up ordering extra roti to finish up the yummy gravy. The Aloo posto combo was quite average. The quantity of the posto and sabzis could have been more though.,5,,,,,,,,
Citrus Cafe - Lemon Tree Hotel,https://www.zomato.com/pune/citrus-cafe-lemon-tree-hotel-hinjawadi/reviews,We went last weekend for dinner buffet to Citrus cafe of Lemon tree Hinjawadi. The buffet options were limited especially the starters selection was very poor. Chinese was not up to the mark as there was some smell in the noodles. All other items were very average in taste. Some items didn't seem fresh. We didn't enjoy the taste at all. After coming home midnight I had vomiting due to indigestion and my husband and kid also had digestion issues and stomach pain. It was indeed a very pathetic exp...not expected from a brand like Lemon tree to serve stale and tasteless food.,1,"We went with office group of 4. They didnt acknowledge that zomato booking was done. Ala carte was not available so went for lunch buffet. Food was below average for this price range. Chicken curry pieces were over and we had to ask twice to replenish. Variety was limited too. Desert was some basic kheer and banana custard.
Service was overwhelmed with a big group which had arrived separately. Basic things like availability of quarter plates were not there.
I have visited this restaurant pre-covid multiple times and it was so much better. Maybe its not kept same standards now",5,"Very good food, nice ambience and excellent service. The menu is a bit limited but it doesn't matter much. The food is tasty, hygienic and the service is excellent. The hospitality by Ms. Santoshi during breakfast was great. Dining here was a happy experience, just like the stay in the hotel.",4,Celebrated my daughter's birthday here.Good Vibes and lovely environment. Great Buffet spread both in veg/ non veg options. Very prompt and friendly services. Would love to visit again,3,"Went today to the hotel for good dinner, but it was the worst dinner that i have there till time.. So pathetic. No music and smell all around in the place. Mosquitos were flying there and even bites my kid too. Servicing was slow, no menu given and was charged very high. Different atmosphere like I was having dinner at my home. No atmosphere at all. What to say, even food quality was bad too, they should have paid me rather than I pay them thhat I went to that pathetic place.. My biggest mistake. 10 rs tea is more worth than this dinner thhat I have there at the big name lemon tree hotel. Simple papad they charged 250,so u can imagine the rest how thy charged for nothing.....",2
Chocolate Biclate,https://www.zomato.com/pune/chocolate-biclate-wakad/reviews,The red velvet cupcake was not fresh. It had a hair and some dust on it. is it so hard for you to provide freshly baked cakes? what the hell is this? even the other cupcakes didn't taste as good as before. they were not fresh but thankfully clean.,5,"Thirdclass cake......don't eat.

also no name and birthday tag ...

bad taste wastage money's",4,,,,,,
7th Avenue Waffles,https://www.zomato.com/pune/7th-avenue-waffles-wakad/reviews,,,,,,,,,,
Sairaj Rolls House,https://www.zomato.com/pune/sairaj-rolls-house-3-hinjawadi/reviews,,,,,,,,,,
New Poona Bakery,https://www.zomato.com/pune/new-poona-bakery-wakad/reviews,"Don't buy pastery from puna bakery they all are stale,taste and smell like rancide,this is the 2nd time they gave like this pastery",1,"Seems new poona bakery has employed the goons to threaten the customers. Some one was there who was thinking of himself as a owner or Arnold with the bulky body on simply asking for the cartons started shouting and threatening in further discussion. He even mis behaved with my wife.
This particular place started attracting more customers hence this sudden change in the attitude.
This was my last visit to the store full of shit and goons, the lady sitting at the entrance was too polite but this moron witu bulky body was nothing more then shit, you should teach some customer services to these staff.",2,"AVOID at any cost!

Had purchased few paneer naan from their wakad store and found a big piece of glass while chewing. Fortunately saved my life as i found this in time. After complaining, they took it so lightly as if its normal business for them. They sent someone two days after and took away the product. Sent email after few days stating they fired the chef and will send some other products as compensation. A month passed by and there was no response from them. After reminding, they sent few of their pathetic and tasteless products and on top of it, one product was already expired. Upon complaining, they just ignored it completely as if they do not care about customers eating...read more",1,"This outlet Visited once when I was in Pune. This is good option if you want to try some puff, pastry. They have eggless cakes. Cream rolls are fresh & tastes great.",5,Actually we ordered Americon panpizza with overloaded cheese and its one of the family friendly bakkery and i the thing which i loved that we were too hungry. At that time and its was 11 pm time and. Were not finding any place to have some food thier its mentioned that closing time of it is last 10 pm but very very glad to know that it was open on 11 pm though and i loved the ambience and infrastructure of the bakkery u would all try it ones,4
Dadu's Sweet Emporio,https://www.zomato.com/pune/dadus-sweet-emporio-wakad/reviews,,,,,,,,,,
Baokin,https://www.zomato.com/pune/baokin-1-baner/reviews,"Extremely poor quality food, weirdly prepared chicken",1,,,,,,,,
Ice N Fire Sky Lounge,https://www.zomato.com/pune/ice-n-fire-sky-lounge-baner/reviews,Abhishek provided a good service,5,food is really good,3,Good service by Abhishek,2,,,,
Swad Biryani,https://www.zomato.com/pune/swad-biryani-punawale/reviews,,,,,,,,,,
The Egg Bite,https://www.zomato.com/pune/the-egg-bite-dange-chowk/reviews,,,,,,,,,,
Merchant & Me,https://www.zomato.com/pune/merchant-me-wakad/reviews,"sanjit
thank you for your recommendation and service",1,Kundan was very helpful ans friendly. The service was good . they can increase the qty of br8yani though.,5,"Good place with nice ambiance. The service is bit slow but I think it‚Äôs due to food being prepared fresh .
Taste is very good .
Overall a good experience, my kid really enjoyed the food.",4,Food was not upto the mark.,3,Good food but limited menu,2
RushHrs,https://www.zomato.com/pune/rushhrs-3-hinjawadi/reviews,All burgers were too spicy and we can eat very spicy food.,5,taste good,3,worst taste,2,,,,
Hotel Vijay- The Taste Of Tamil Nadu,https://www.zomato.com/pune/hotel-vijay-the-taste-of-tamil-nadu-hinjawadi/reviews,taste is very bad,1,"Dosa was amazing, please keep up the taste and quality...",4,,,,,,
AUR Coffee,https://www.zomato.com/pune/aur-coffee-wakad/reviews,Well packed. Great taste. Loved it!,4,"If you are someone who loves to try different types of frappes, you should not miss this coffee shop. They serve amazingly refreshing frappes. There Irish coffee is something you should try at all cost. Though they do not have very big menu and a lot of items to choose from; but, you will find something to satisfy your taste buds and caffeine cravings there. You can skip there shakes, as they are of average taste only. But, all of their frappes are worth trying.",3,,,,,,
Cake Choice,https://www.zomato.com/pune/cake-choice-1-hinjawadi/reviews,Cake was not fresh also the rasmalai was also bad in taste.,5,,,,,,,,
Mood Drums Kitchen & Bar,https://www.zomato.com/pune/mood-drums-kitchen-bar-hinjawadi/reviews,Great service. Shubham server was very hospitable,1,Very quick service and yummy food,5,The music was too loud and the food doesn‚Äôt taste good at all.,4,Good food good music,3,"Such a lovely spot right opposite the IT Park! Perfect place to unwind with family ‚Äî the live music added a soulful vibe üé∂. The food was absolutely delicious, and the ambience was warm, welcoming, and beautifully done. Great service too! Highly recommend if you're looking for a cozy evening with good food and good vibes.",2
WOW! Momo,https://www.zomato.com/pune/wow-momo-wakad/reviews,The food is wasted due to spillage,5,Very bad the momo was not up to taste and the drink was pathetic,4,excellent taste and del9,3,,,,
Hotel Nivant,https://www.zomato.com/pune/hotel-nivant-jambhe/reviews,"The order was delivered incomplete, chilli chicken had too much gravy and was thin as water. The taste was also not good. Prices are too high for the quality and quantity of the food. Overall pretty bad.",2,,,,,,,,
Jagaat Bhaari Kolhapuri,https://www.zomato.com/pune/jagaat-bhaari-kolhapuri-baner/reviews,Not so great taste,1,,,,,,,,
Shree Sai Wadewale,https://www.zomato.com/pune/shree-sai-wadewale-hinjawadi/reviews,the food was cold including the tea its tasteless i will not recommended ordering from here,1,,,,,,,,
Santorini by Hilton Garden Inn,https://www.zomato.com/pune/santorini-by-hilton-garden-inn-hinjawadi/reviews,"amazing service , rushikesh was really nice and polite .
would love to come here again and again",1,Abhay gave good service,5,"Food , Ambience, and Vibes are very good ..thanks abhay for good hospitality",4,Taste was not up to the mark and many Items are not available which we in the menu. Service delay.,3,Abhay was really polite while serving n the served the bestest best service,2
Purohit Sweets,https://www.zomato.com/pune/purohit-sweets-1-dange-chowk/reviews,Bad vada pav not cooked properly masala not cooked raw taste,1,"""The Malai Peda didn‚Äôt taste fresh. It had an off taste, almost like it was past its best quality.
Mango Barfi was good",3,,,,,,
Dwarka Pure Veg Restaurant,https://www.zomato.com/pune/dwarka-pure-veg-restaurant-pimple-nilakh/reviews,Very tasteless and spicy food!,3,"Beautiful ambience great food and staff especially the cashier. Would definitely visit again.
Great place for family n friendsüëçüèºü´†",2,,,,,,
WOW! China,https://www.zomato.com/pune/wow-china-wakad/reviews,i ordered chicken noodles combo .And chicken was smelling as if it was not fresh. The food was cold which i understand it can happen but the food was eatable. Really disappointed,2,,,,,,,,
Chai Sutta Bar,https://www.zomato.com/pune/chai-sutta-bar-hinjawadi/reviews,coffee are great . need to improvise on food,3,,,,,,,,
Shree Anjani Cafe,https://www.zomato.com/pune/shree-anjani-cafe-pimple-nilakh/reviews,,,,,,,,,,
Andhra Culture,https://www.zomato.com/pune/andhra-culture-hinjawadi/reviews,,,,,,,,,,
Kannu Ki Chai,https://www.zomato.com/pune/kannu-ki-chai-baner/reviews,,,,,,,,,,
Taste Of Indore,https://www.zomato.com/pune/taste-of-indore-wakad/reviews,Our food was spilled entirely.,1,,,,,,,,
Pizza Merrano,https://www.zomato.com/pune/pizza-merrano-hinjawadi/reviews,Lovvee the taste,1,,,,,,,,
Amul Ice Lounge,https://www.zomato.com/pune/amul-ice-lounge-wakad/reviews,"Absolutely amazing experience!
The owner, Chirag, was incredibly warm and hospitable. He personally took the time to walk us through the menu and insisted we try the different flavours available. His passion and personal touch truly elevated the entire experience. Every bite was a delight, and the service made it even more memorable. Highly recommend this place ‚Äì not just for the ice creams, but for the heart behind it!",4,,,,,,,,
Dilli Gulli,https://www.zomato.com/pune/dilli-gulli-punawale/reviews,"I've been waiting to try food from here for a long time and they did not disappoint.
Their Kulche are the star item which are most splendidly paired with their amritsari chhole. Even the pickled carrots and chillies are a delicacy. And the chaas balanced the whole meal perfectly.",1,Fantastic food,3,,,,,,
Naadbramha Idli,https://www.zomato.com/pune/naadbramha-idli-2-hinjawadi/reviews,food was stale,1,"No doubt, Idly taste is amazing .
We tried the appe it was good . My favourite is Thatte idli , must try .",3,,,,,,
Yellow Door Cafe,https://www.zomato.com/pune/yellow-door-cafe-baner/reviews,fresh food,1,masala Maggie was awesome Delicious food üòã and coffee do visit good place also . students crowd.‚ù§Ô∏è‚ù§Ô∏è‚ù§Ô∏è,4,fresh food,2,,,,
PizzaExpress,https://www.zomato.com/pune/pizzaexpress-wakad/reviews,Very good food and staff,5,Wonderful service. Aarti hosted very well.,4,The food was great.,3,Amazing food love the service,2,,
Ashoka Resto Bar,https://www.zomato.com/pune/ashoka-resto-bar-pimple-nilakh/reviews,slow service,1,Quantity and quality of the food did not worth the price.,2,"Quite good place to enjoy your food with your family and friends. The place is quite decent not much crowded.
We ordered the soups ( Veg hot and sour & Chicken manchow soup ) the taste was very good. Price of some dishes are on the higher side which can be more pocket friendly.
Ambiance - 4.5/5
Food - 4/5
Price - 3.5/5
Overall - 4/5",1,,,,
Oscarwadi Misal,https://www.zomato.com/pune/oscarwadi-misal-wakad/reviews,,,,,,,,,,
Kanhaiya Milk Dairy & Milk Products,https://www.zomato.com/pune/kanhaiya-milk-dairy-milk-products-baner/reviews,,,,,,,,,,
Hotel Shubh Nakshatra Family Dining - Branch 1,https://www.zomato.com/pune/hotel-shubh-nakshatra-family-dining-branch-1-hinjawadi/reviews,good quality and tasty food. Good for Family sitting,1,I ordere firat time but they miss rice to add in thali but still food ia too much tasty and quantity was good,4,,,,,,
7th Heaven,https://www.zomato.com/pune/7th-heaven-balewadi/reviews,,,,,,,,,,
Colibri Coffee,https://www.zomato.com/pune/colibri-coffee-hinjawadi/reviews,,,,,,,,,,
Bites Of Benaras,https://www.zomato.com/pune/bites-of-benaras-wakad/reviews,,,,,,,,,,
Radhakrishna Cafe & Snacks,https://www.zomato.com/pune/radhakrishna-cafe-snacks-2-hinjawadi/reviews,the food was so delicious,5,"everything was good, the taste was good but there were two hairs in the sandwich. plz from next time take care of it.",4,very bad taste,2,,,,
Pune Best Biryani,https://www.zomato.com/pune/pune-best-biryani-1-hinjawadi/reviews,quality and quantity was amazing the taste was really good and the price of the biryani is affordable,3,"This is my first order and the tasty was so so so amazing Here's a sample review:

""Just had the most flavorful biryani at Pune Best Biryani, the spices were perfectly balanced. The portion size was generous, and the service was top-notch. Highly recommend for biryani lovers! 5/5 the quality and the quantity was amazing the delivery guy and the hotel owner is so kind and very helpful thank you so much bhaiyya ‚ò∫Ô∏èbest of luck for your future orders",2,,,,,,
Sneh Taste Of Indore,https://www.zomato.com/pune/sneh-taste-of-indore-hinjawadi/reviews,nice Taste pure Indori,4,poha and samosas had a taste exactly like the one I had in indore! would deff recommend to try,3,,,,,,
Bhuleshwar Misal,https://www.zomato.com/pune/bhuleshwar-misal-1-sus/reviews,nice taste,5,,,,,,,,
The Crepe Court,https://www.zomato.com/pune/the-crepe-court-mahalunge/reviews,loved the food,3,,,,,,,,
Hotel Kuval's Inn,https://www.zomato.com/pune/hotel-kuvals-inn-aundh/reviews,Foodie Anna Lets The Flavors Speak,3,"The food is luscious, especially the Thali plate. The seating is fine, and the place is always clean and hygienic. The ambience is pleasant. Overall, everything is above average.",5,,,,,,
Ved Family Restaurant,https://www.zomato.com/pune/ved-family-restaurant-dange-chowk/reviews,,,,,,,,,,
Hotel Sanskruti,https://www.zomato.com/pune/hotel-sanskruti-dange-chowk/reviews,,,,,,,,,,
Katraj Ice Cream Parlors,https://www.zomato.com/pune/katraj-ice-cream-parlors-wakad/reviews,,,,,,,,,,
SRG Litti Chokha,https://www.zomato.com/pune/srg-litti-chokha-hinjawadi/reviews,,,,,,,,,,
Kakke Da Paratha,https://www.zomato.com/pune/kakke-da-paratha-1-hinjawadi/reviews,dal makhni was ridiculous. Aloo sabji filled with turmeric. bitter taste. worst food ever had,1,,,,,,,,
Kaka Halwai Sweets And Namkeen,https://www.zomato.com/pune/kaka-halwai-sweets-and-namkeen-baner/reviews,"Freshly made and packed, great taste.",2,,,,,,,,
Khamang,https://www.zomato.com/pune/khamang-1-wakad/reviews,Superb taste.,5,Instead of chatani along with these items they sent green water only which was tasteless. Please learn how to prepare chatani.,4,,,,,,
Merwans Cake Stop,https://www.zomato.com/pune/merwans-cake-stop-balewadi/reviews,,,,,,,,,,
Eight,https://www.zomato.com/pune/eight-wakad/reviews,"Saw a cockroach on the table while having food , absolutely unacceptable! Instead of addressing the issue properly, all we got was a casual apology from the server with no resolution or follow-up. Extremely disappointing experience.",5,Amazing food great service,3,"45 mins for serving order in empty restaurant and plenty of staff

Seems like they forgot the order for 30 mins",2,,,,
Natural Ice Cream,https://www.zomato.com/pune/natural-ice-cream-hinjawadi/reviews,,,,,,,,,,
Irani Cafe,https://www.zomato.com/pune/irani-cafe-1-wakad/reviews,,,,,,,,,,
Neopolitan Pizza,https://www.zomato.com/pune/neopolitan-pizza-1-pimple-nilakh/reviews,,,,,,,,,,
Kota Kachori & Namkeens,https://www.zomato.com/pune/kota-kachori-namkeens-wakad/reviews,"Not fresh, if not available say no. Don't send such food.",2,,,,,,,,
Cake N Bake,https://www.zomato.com/pune/cake-n-bake-wakad/reviews,I appreciate efforts of Cake N Bake staff who delivered us another cake despite Zomato Delivery person spoiled it completely. Cake N Bake arranged me replacement cake in an Hour and made sure that it gets properly delivered. Cake was delicious and I highly recommend Cake N Bake as partner for our future family Events,1,,,,,,,,
